Player,Team
Alex Neal-Bullen,Adelaide
Archie Ludowyke,Adelaide
Ben Keays,Adelaide
Billy Dowling,Adelaide
Brayden Cook,Adelaide
Callum Ah Chee,Adelaide
Charlie Edwards,Adelaide
Chayce Jones,Adelaide
Daniel Curtin,Adelaide
Darcy Fogarty,Adelaide
Finnbar Maley,Adelaide
Hugh Bond,Adelaide
Hugo Hall-Kahan,Adelaide
Indy Cotton,Adelaide
Isaac Cumming,Adelaide
Izak Rankine,Adelaide
Jake Soligo,Adelaide
James Borlase,Adelaide
James Peatling,Adelaide
Jordan Dawson,Adelaide
Jordon Butts,Adelaide
Josh Rachele,Adelaide
Josh Worrell,Adelaide
Lachlan McAndrew,Adelaide
Lachlan Sholl,Adelaide
Luke Nankervis,Adelaide
Luke Pedlar,Adelaide
Mark Keane,Adelaide
Max Michalanney,Adelaide
Mitchell Hinge,Adelaide
Mitchell Marsh,Adelaide
Nick Murray,Adelaide
Oscar Ryan,Adelaide
Reilly O'Brien,Adelaide
Riley Thilthorpe,Adelaide
Rory Laird,Adelaide
Sam Berry,Adelaide
Sid Draper,Adelaide
Taylor Walker,Adelaide
Toby Murray,Adelaide
Tyler Welsh,Adelaide
Wayne Milera,Adelaide
Zac Taylor,Adelaide
Ben Murphy,Brisbane
Bruce Reville,Brisbane
Cam Rayner,Brisbane
Charlie Cameron,Brisbane
Cody Curtin,Brisbane
Conor McKenna,Brisbane
Daniel Annable,Brisbane
Darcy Fort,Brisbane
Darcy Gardiner,Brisbane
Darcy Wilmot,Brisbane
Darragh Joyce,Brisbane
Dayne Zorko,Brisbane
Eric Hipwood,Brisbane
Harris Andrews,Brisbane
Henry Smith,Brisbane
Hugh McCluggage,Brisbane
Jack Payne,Brisbane
James Tunstill,Brisbane
Jarrod Berry,Brisbane
Jaspa Fletcher,Brisbane
Josh Dunkley,Brisbane
Kai Lohmann,Brisbane
Keidean Coleman,Brisbane
Koby Evans,Brisbane
Lachie Neale,Brisbane
Levi Ashcroft,Brisbane
Lincoln McCarthy,Brisbane
Logan Morris,Brisbane
Luke Beecken,Brisbane
Luke Lloyd,Brisbane
Noah Answerth,Brisbane
Oscar Allen,Brisbane
Reece Torrent,Brisbane
Ryan Lester,Brisbane
Sam Draper,Brisbane
Sam Marshall,Brisbane
Shadeau Brain,Brisbane
Tai Hayes,Brisbane
Tom Doedee,Brisbane
Ty Gallop,Brisbane
Will Ashcroft,Brisbane
Will McLachlan,Brisbane
Zac Bailey,Brisbane
Zane Zakostelsky,Brisbane
Adam Cerra,Carlton
Adam Saad,Carlton
Ashton Moir,Carlton
Ben Ainsworth,Carlton
Ben Camporeale,Carlton
Billy Wilson,Carlton
Blake Acres,Carlton
Brodie Kemp,Carlton
Campbell Chesser,Carlton
Cooper Lord,Carlton
Flynn Young,Carlton
Francis Evans,Carlton
George Hewett,Carlton
Harry Charleson,Carlton
Harry Dean,Carlton
Harry McKay,Carlton
Harry O'Farrell,Carlton
Hudson O'Keeffe,Carlton
Jack Ison,Carlton
Jacob Weitering,Carlton
Jagga Smith,Carlton
Jesse Motlop,Carlton
Jordan Boyd,Carlton
Lachie Fogarty,Carlton
Lachlan Cowan,Carlton
Lewis Young,Carlton
Liam Reidy,Carlton
Lucas Camporeale,Carlton
Marc Pittonet,Carlton
Matt Duffy,Carlton
Matthew Carroll,Carlton
Matthew Cottrell,Carlton
Mitch McGovern,Carlton
Nic Newman,Carlton
Nick Haynes,Carlton
Oliver Florent,Carlton
Oliver Hollands,Carlton
Patrick Cripps,Carlton
Rob Monahan,Carlton
Sam Walsh,Carlton
Talor Byrne,Carlton
Wade Derksen,Carlton
Will Hayward,Carlton
Zac Williams,Carlton
Angus Anderson,Collingwood
Beau McCreery,Collingwood
Billy Frampton,Collingwood
Bobby Hill,Collingwood
Brayden Maynard,Collingwood
Charlie West,Collingwood
Dan Houston,Collingwood
Daniel McStay,Collingwood
Darcy Cameron,Collingwood
Darcy Moore,Collingwood
Edward Allan,Collingwood
Harry DeMattia,Collingwood
Harry Perryman,Collingwood
Harvey Harrison,Collingwood
Iliro Smit,Collingwood
Isaac Quaynor,Collingwood
Jack Buller,Collingwood
Jack Crisp,Collingwood
Jai Saxena,Collingwood
Jakob Ryan,Collingwood
Jamie Elliott,Collingwood
Jeremy Howe,Collingwood
Joel Cochran,Collingwood
Jordan De Goey,Collingwood
Josh Daicos,Collingwood
Lachie Schultz,Collingwood
Lachlan Sullivan,Collingwood
Ned Long,Collingwood
Nick Daicos,Collingwood
Noah Howes,Collingwood
Oscar Steene,Collingwood
Patrick Lipinski,Collingwood
Reef McInnes,Collingwood
Roan Steele,Collingwood
Sam Swadling,Collingwood
Scott Pendlebury,Collingwood
Steele Sidebottom,Collingwood
Tew Jiath,Collingwood
Tim Membrey,Collingwood
Tyan Prindable,Collingwood
Wil Parker,Collingwood
William Hayes,Collingwood
Zac McCarthy,Collingwood
Andrew McGrath,Essendon
Angus Clarke,Essendon
Archer Day-Wicks,Essendon
Archer May,Essendon
Archie Perkins,Essendon
Archie Roberts,Essendon
Ben McKay,Essendon
Brayden Fiorini,Essendon
Cillian Bourke,Essendon
Darcy Parish,Essendon
Dyson Sharp,Essendon
Elijah Tsatas,Essendon
Harrison Jones,Essendon
Hussien El Achkar,Essendon
Isaac Kako,Essendon
Jacob Farrow,Essendon
Jade Gresham,Essendon
Jaxon Prior,Essendon
Jayden Nguyen,Essendon
Jordan Ridley,Essendon
Jye Caldwell,Essendon
Kayle Gerreyn,Essendon
Kyle Langford,Essendon
Lachlan Blakiston,Essendon
Lewis Hayes,Essendon
Liam McMahon,Essendon
Mason Redman,Essendon
Matt Guelfi,Essendon
Max Kondogiannis,Essendon
Nate Caddy,Essendon
Nic Martin,Essendon
Nick Bryan,Essendon
Nik Cox,Essendon
Peter Wright,Essendon
Rhys Unwin,Essendon
Saad El-Hawli,Essendon
Sam Durham,Essendon
Sullivan Robey,Essendon
Thomas Edwards,Essendon
Vigo Visentini,Essendon
Will Setterfield,Essendon
Xavier Duursma,Essendon
Zach Merrett,Essendon
Zach Reid,Essendon
Zak Johnson,Essendon
Adam Sweid,Fremantle
Aiden Riddle,Fremantle
Alex Pearce,Fremantle
Andrew Brayshaw,Fremantle
Bailey Banfield,Fremantle
Brandon Walker,Fremantle
Brennan Cox,Fremantle
Caleb Serong,Fremantle
Charlie Nicholls,Fremantle
Chris Scerri,Fremantle
Cooper Simpson,Fremantle
Corey Wagner,Fremantle
Hayden Young,Fremantle
Heath Chapman,Fremantle
Hugh Davies,Fremantle
Isaiah Dudley,Fremantle
Jaeger O'Meara,Fremantle
Jaren Carr,Fremantle
Jeremy Sharp,Fremantle
Jordan Clark,Fremantle
Josh Treacy,Fremantle
Joshua Draper,Fremantle
Judd McVee,Fremantle
Jye Amiss,Fremantle
Karl Worner,Fremantle
Leon Kickett,Fremantle
Luke Jackson,Fremantle
Luke Ryan,Fremantle
Mason Cox,Fremantle
Matthew Johnson,Fremantle
Michael Frederick,Fremantle
Murphy Reid,Fremantle
Nathan O'Driscoll,Fremantle
Neil Erasmus,Fremantle
Ollie Murphy,Fremantle
Oscar McDonald,Fremantle
Patrick Voss,Fremantle
Ryda Luke,Fremantle
Sam Sturt,Fremantle
Sam Switkowski,Fremantle
Sean Darcy,Fremantle
Shai Bolton,Fremantle
Toby Whan,Fremantle
Tobyn Murray,Fremantle
Bailey Smith,Geelong
Brad Close,Geelong
Cillian Burke,Geelong
Connor O'Sullivan,Geelong
George Stevens,Geelong
Gryan Miers,Geelong
Harley Barker,Geelong
Hunter Holmes,Geelong
Jack Bowes,Geelong
Jack Henry,Geelong
Jack Martin,Geelong
Jacob Molier,Geelong
Jake Kolodjashnij,Geelong
James Worpel,Geelong
Jay Polkinghorne,Geelong
Jed Bews,Geelong
Jeremy Cameron,Geelong
Jesse Mellor,Geelong
Jhye Clark,Geelong
Joe Pike,Geelong
Keighton Matofai-Forbes,Geelong
Lawson Humphries,Geelong
Lennox Hofmann,Geelong
Mark Blicavs,Geelong
Mark O'Connor,Geelong
Max Holmes,Geelong
Mitch Knevitt,Geelong
Mitchell Edwards,Geelong
Nicholas Driscoll,Geelong
Oisin Mullin,Geelong
Oliver Dempsey,Geelong
Oliver Henry,Geelong
Oliver Wiltshire,Geelong
Patrick Dangerfield,Geelong
Rhys Stanley,Geelong
Sam De Koning,Geelong
Shannon Neale,Geelong
Shaun Mannagh,Geelong
Tanner Bruhn,Geelong
Toby Conway,Geelong
Tom Atkins,Geelong
Tom Stewart,Geelong
Tyson Stengle,Geelong
Zach Guthrie,Geelong
Alex Davies,Gold Coast
Asher Eastham,Gold Coast
Avery Thomas,Gold Coast
Bailey Humphrey,Gold Coast
Beau Addinsall,Gold Coast
Ben Jepson,Gold Coast
Ben King,Gold Coast
Ben Long,Gold Coast
Bodhi Uwland,Gold Coast
Caleb Graham,Gold Coast
Caleb Lewis,Gold Coast
Charlie Ballard,Gold Coast
Christian Petracca,Gold Coast
Cooper Bell,Gold Coast
Daniel Rioli,Gold Coast
Dylan Patterson,Gold Coast
Elliott Himmelberg,Gold Coast
Ethan Read,Gold Coast
Jai Murray,Gold Coast
Jake Rogers,Gold Coast
Jamarra Ugle-Hagan,Gold Coast
Jarrod Witts,Gold Coast
Jed Walter,Gold Coast
Joel Jeffrey,Gold Coast
John Noble,Gold Coast
Jy Farrar,Gold Coast
Koby Coulson,Gold Coast
Lachie Weller,Gold Coast
Lachlan Gulbin,Gold Coast
Leonardo Lombard,Gold Coast
Mac Andrew,Gold Coast
Matt Rowell,Gold Coast
Max Knobel,Gold Coast
Ned Moyle,Gold Coast
Nick Holman,Gold Coast
Noah Anderson,Gold Coast
Oscar Adams,Gold Coast
Sam Clohesy,Gold Coast
Sam Collins,Gold Coast
Touk Miller,Gold Coast
Wil Powell,Gold Coast
Will Graham,Gold Coast
Zak Evans,Gold Coast
Zeke Uwland,Gold Coast
Aaron Cadman,Greater Western Sydney
Brent Daniels,Greater Western Sydney
Callum Brown,Greater Western Sydney
Clayton Oliver,Greater Western Sydney
Cody Angove,Greater Western Sydney
Connor Idun,Greater Western Sydney
Conor Stone,Greater Western Sydney
Darcy Jones,Greater Western Sydney
Finn Callaghan,Greater Western Sydney
Finnegan Davis,Greater Western Sydney
Harrison Oliver,Greater Western Sydney
Harry Himmelberg,Greater Western Sydney
Harry Rowston,Greater Western Sydney
Harvey Thomas,Greater Western Sydney
Jack Buckley,Greater Western Sydney
Jack Ough,Greater Western Sydney
Jake Riccardi,Greater Western Sydney
Jake Stringer,Greater Western Sydney
James Leake,Greater Western Sydney
Jayden Laverde,Greater Western Sydney
Jesse Hogan,Greater Western Sydney
Joe Fonti,Greater Western Sydney
Josaia Delana,Greater Western Sydney
Josh Kelly,Greater Western Sydney
Kieren Briggs,Greater Western Sydney
Lachie Ash,Greater Western Sydney
Lachie Whitfield,Greater Western Sydney
Leek Aleer,Greater Western Sydney
Logan Smith,Greater Western Sydney
Max Gruzewski,Greater Western Sydney
Nathan Wardius,Greater Western Sydney
Nicholas Madden,Greater Western Sydney
Oliver Hannaford,Greater Western Sydney
Oskar Taylor,Greater Western Sydney
Phoenix Gothard,Greater Western Sydney
Riley Hamilton,Greater Western Sydney
Ryan Angwin,Greater Western Sydney
Sam Taylor,Greater Western Sydney
Stephen Coniglio,Greater Western Sydney
Toby Bedford,Greater Western Sydney
Toby Greene,Greater Western Sydney
Toby McMullin,Greater Western Sydney
Tom Green,Greater Western Sydney
Xavier O'Halloran,Greater Western Sydney
Aidan Schubert,Hawthorn
Bailey Macdonald,Hawthorn
Blake Hardwick,Hawthorn
Bodie Ryan,Hawthorn
Calsher Dear,Hawthorn
Cam Mackenzie,Hawthorn
Cameron Nairn,Hawthorn
Cody Anderson,Hawthorn
Connor Macdonald,Hawthorn
Conor Nash,Hawthorn
Dylan Moore,Hawthorn
Finn Maginness,Hawthorn
Flynn Perez, Hawthorn
Harry Morrison,Hawthorn
Henry Hustwaite,Hawthorn
Jack Dalton,Hawthorn
Jack Ginnivan,Hawthorn
Jack Gunston,Hawthorn
Jack Scrimshaw,Hawthorn
Jai Newcombe,Hawthorn
Jaime Uhr-Henry,Hawthorn
James Blanck,Hawthorn
James Sicily,Hawthorn
Jarman Impey,Hawthorn
Josh Battle,Hawthorn
Josh Ward,Hawthorn
Josh Weddle,Hawthorn
Karl Amon,Hawthorn
Lloyd Meek,Hawthorn
Mabior Chol,Hawthorn
Massimo D'Ambrosio,Hawthorn
Matt Hill,Hawthorn
Matthew LeRay,Hawthorn
Max Ramsden,Hawthorn
Mitch Lewis,Hawthorn
Ned Reeves,Hawthorn
Nick Watson,Hawthorn
Noah Mraz,Hawthorn
Oliver Greeves,Hawthorn
Sam Butler,Hawthorn
Tom Barrass,Hawthorn
Will Day,Hawthorn
William McCabe,Hawthorn
Aidan Johnson,Melbourne
Andy Moniz-Wakefield,Melbourne
Bailey Laurie,Melbourne
Bayley Fritsch,Melbourne
Blake Howes,Melbourne
Brody Mihocek,Melbourne
Caleb Windsor,Melbourne
Changkuoth Jiath,Melbourne
Christian Salem,Melbourne
Daniel Turner,Melbourne
Ed Langdon,Melbourne
Harrison Petty,Melbourne
Harry Sharp,Melbourne
Harvey Langford,Melbourne
Jack Henderson,Melbourne
Jack Steele,Melbourne
Jack Viney,Melbourne
Jacob van Rooyen,Melbourne
Jai Culley,Melbourne
Jake Bowey,Melbourne
Jake Lever,Melbourne
Jake Melksham,Melbourne
Jed Adams,Melbourne
Kade Chandler,Melbourne
Kalani White,Melbourne
Koltyn Tholstrup,Melbourne
Kysaiah Pickett,Melbourne
Latrelle Pickett,Melbourne
Luker Kentfield,Melbourne
Matthew Jefferson,Melbourne
Max Gawn,Melbourne
Max Heath,Melbourne
Oscar Berry,Melbourne
Paddy Cross,Melbourne
Ricky Mentha,Melbourne
Riley Onley,Melbourne
Shane McAdam,Melbourne
Steven May,Melbourne
Thomas Matthews,Melbourne
Tom Campbell,Melbourne
Tom McDonald,Melbourne
Tom Sparrow,Melbourne
Trent Rivers,Melbourne
Xavier Lindsay,Melbourne
Xavier Taylor,Melbourne
Aidan Corr,North Melbourne
Bailey Scott,North Melbourne
Blake Thredgold,North Melbourne
Brayden George,North Melbourne
Caleb Daniel,North Melbourne
Callum Coleman-Jones,North Melbourne
Cameron Zurhaar,North Melbourne
Charlie Comben,North Melbourne
Charlie Spargo,North Melbourne
Colby McKercher,North Melbourne
Cooper Harvey,North Melbourne
Cooper Trembath,North Melbourne
Dylan Stephens,North Melbourne
Finn O'Sullivan,North Melbourne
George Wardlaw,North Melbourne
Griffin Logue,North Melbourne
Harry Sheezel,North Melbourne
Hugo Mikunda,North Melbourne
Jack Darling,North Melbourne
Jackson Archer,North Melbourne
Jacob Konstanty,North Melbourne
Josh Goater,North Melbourne
Jy Simpkin,North Melbourne
Lachy Dovaston,North Melbourne
Luke Davies-Uniacke,North Melbourne
Luke McDonald,North Melbourne
Luke Parker,North Melbourne
Luke Urquhart,North Melbourne
Matt Whitlock,North Melbourne
Nick Larkey,North Melbourne
Paul Curtis,North Melbourne
Riley Hardeman,North Melbourne
River Stevens,North Melbourne
Robert Hansen,North Melbourne
Taylor Goad,North Melbourne
Toby Pink,North Melbourne
Tom Powell,North Melbourne
Tom Blamires, North Melbourne
Tristan Xerri,North Melbourne
Wil Dawson,North Melbourne
Zac Banch,North Melbourne
Zac Fisher,North Melbourne
Zane Duursma,North Melbourne
Aliir Aliir,Port Adelaide
Benny Barrett,Port Adelaide
Brandon Zerk-Thatcher,Port Adelaide
Christian Moraes,Port Adelaide
Connor Rozee,Port Adelaide
Corey Durdin,Port Adelaide
Dante Visentini,Port Adelaide
Darcy Byrne-Jones,Port Adelaide
Esava Ratugolea,Port Adelaide
Ewan Mackinlay,Port Adelaide
Harrison Ramm,Port Adelaide
Ivan Soldo,Port Adelaide
Jack Lukosius,Port Adelaide
Jack Watkins,Port Adelaide
Jack Whitlock,Port Adelaide
Jackson Mead,Port Adelaide
Jacob Moss,Port Adelaide
Jacob Wehr,Port Adelaide
Jase Burgoyne,Port Adelaide
Jason Horne-Francis,Port Adelaide
Joe Berry,Port Adelaide
Joe Richards,Port Adelaide
Jordon Sweet,Port Adelaide
Josh Lai,Port Adelaide
Josh Sinn,Port Adelaide
Kane Farrell,Port Adelaide
Lachie Jones,Port Adelaide
Logan Evans,Port Adelaide
Mani Liddy,Port Adelaide
Miles Bergman,Port Adelaide
Mitch Georgiades,Port Adelaide
Mitch Zadow,Port Adelaide
Ollie Lord,Port Adelaide
Ollie Wines,Port Adelaide
Sam Powell-Pepper,Port Adelaide
Todd Marshall,Port Adelaide
Tom Anastasopoulos,Port Adelaide
Tom Cochrane,Port Adelaide
Will Brodie,Port Adelaide
Will Lorenz,Port Adelaide
Willem Drew,Port Adelaide
Xavier Walsh,Port Adelaide
Zak Butters,Port Adelaide
Ben Miller,Richmond
Campbell Gray,Richmond
Dion Prestia,Richmond
Harry Armstrong,Richmond
Hugo Ralphsmith,Richmond
Jack Ross,Richmond
Jacob Hopper,Richmond
James Trezise,Richmond
Jasper Alger,Richmond
Jayden Short,Richmond
Jonty Faull,Richmond
Josh Gibcus,Richmond
Josh Smillie,Richmond
Judson Clarke,Richmond
Kaleb Smith,Richmond
Kane McAuliffe,Richmond
Liam Fawcett,Richmond
Luke Trainor,Richmond
Maurice Rioli,Richmond
Mykelti Lefau,Richmond
Nathan Broad,Richmond
Nick Vlastuin,Richmond
Noah Balta,Richmond
Noah Roberts-Thomson,Richmond
Oliver Hayes-Brown,Richmond
Patrick Retschko,Richmond
Rhyan Mansell,Richmond
Sam Banks,Richmond
Sam Cumming,Richmond
Sam Grlj,Richmond
Sam Lalor,Richmond
Samson Ryan,Richmond
Seth Campbell,Richmond
Steely Green,Richmond
Taj Hotton,Richmond
Tim Taranto,Richmond
Toby Nankervis,Richmond
Tom Brown,Richmond
Tom Burton,Richmond
Tom Lynch,Richmond
Tom Sims,Richmond
Tyler Sonsie,Richmond
Zane Peucker,Richmond
Alex Dodson,St Kilda
Alix Tauru,St Kilda
Angus Hastie,St Kilda
Anthony Caminiti,St Kilda
Bradley Hill,St Kilda
Callum Wilkie,St Kilda
Charlie Banfield,St Kilda
Cooper Sharman,St Kilda
Dan Butler,St Kilda
Darcy Wilson,St Kilda
Dougal Howard,St Kilda
Eamonn Armstrong,St Kilda
Hugh Boxshall,St Kilda
Hugo Garcia,St Kilda
Hunter Clark,St Kilda
Isaac Keeler,St Kilda
Jack Carroll,St Kilda
Jack Higgins,St Kilda
Jack Macrae,St Kilda
Jack Silvagni,St Kilda
Jack Sinclair,St Kilda
James Barrat,St Kilda
Kobe McDonald,St Kilda
Kye Fincher,St Kilda
Lance Collard,St Kilda
Liam Henry,St Kilda
Liam O'Connell,St Kilda
Liam Ryan,St Kilda
Liam Stocker,St Kilda
Marcus Windhager,St Kilda
Mason Wood,St Kilda
Mattaes Phillipou,St Kilda
Max Hall,St Kilda
Max King,St Kilda
Mitch Owens,St Kilda
Nasiah Wanganeen-Milera,St Kilda
Paddy Dow,St Kilda
Patrick Said,St Kilda
Rowan Marshall,St Kilda
Ryan Byrnes,St Kilda
Sam Flanders,St Kilda
Tobie Travaglia,St Kilda
Tom De Koning,St Kilda
Angus Sheldrick,Sydney
Billy Cootee,Sydney
Braeden Campbell,Sydney
Brodie Grundy,Sydney
Caiden Cleary,Sydney
Callum Mills,Sydney
Chad Warner,Sydney
Charlie Curnow,Sydney
Corey Warner,Sydney
Dane Rampe,Sydney
Errol Gulden,Sydney
Harry Cunningham,Sydney
Harry Kyle,Sydney
Hayden McLean,Sydney
Isaac Heeney,Sydney
Jai Serong,Sydney
Jake Lloyd,Sydney
James Jordon,Sydney
James Rowbottom,Sydney
Jesse Dattoli,Sydney
Jevan Phillipou,Sydney
Joel Amartey,Sydney
Joel Hamling,Sydney
Justin McInerney,Sydney
Lewis Melican,Sydney
Liam Hetherton,Sydney
Logan McDonald,Sydney
Malcolm Rosas,Sydney
Matt Roberts,Sydney
Max King,Sydney
Ned Bowman,Sydney
Nick Blakey,Sydney
Noah Chamberlain,Sydney
Patrick Snell,Sydney
Peter Ladhams,Sydney
Riak Andrew,Sydney
Riley Bice,Sydney
Sam Wicks,Sydney
Taylor Adams,Sydney
Tom Hanily,Sydney
Tom McCartin,Sydney
Tom Papley,Sydney
William Edwards,Sydney
William Green,Sydney
Archer Reid,West Coast
Bailey J. Williams,West Coast
Bo Allan,West Coast
Brady Hough,West Coast
Brandon Starcevich,West Coast
Clay Hall,West Coast
Cooper Duff-Tytler,West Coast
Deven Robertson,West Coast
Elijah Hewett,West Coast
Elliot Yeo,West Coast
Finlay Macrae,West Coast
Fred Rodriguez,West Coast
Hamish Davis,West Coast
Harley Reid,West Coast
Harry Barnett,West Coast
Harry Edwards,West Coast
Harry Schoenberg,West Coast
Harvey Johnston,West Coast
Jack Graham,West Coast
Jack Hutchinson,West Coast
Jack Williams,West Coast
Jacob Newton,West Coast
Jake Waterman,West Coast
Jamie Cripps,West Coast
Jobe Shanahan,West Coast
Josh Lindsay,West Coast
Liam Baker,West Coast
Liam Duggan,West Coast
Lucca Grego,West Coast
Malakai Champion,West Coast
Matt Flynn,West Coast
Matthew Owies,West Coast
Milan Murdock,West Coast
Noah Long,West Coast
Reuben Ginbey,West Coast
Rhett Bazzo,West Coast
Ryan Maric,West Coast
Sam Allen,West Coast
Sandy Brock,West Coast
Tim Kelly,West Coast
Tom Cole,West Coast
Tom Gross,West Coast
Tom McCarthy,West Coast
Tylah Williams,West Coast
Tylar Young,West Coast
Tyler Brockman,West Coast
Tyrell Dewar,West Coast
Willem Duursma,West Coast
Aaron Naughton,Western Bulldogs
Adam Treloar,Western Bulldogs
Arthur Jones,Western Bulldogs
Bailey Dale,Western Bulldogs
Bailey Williams,Western Bulldogs
Buku Khamis,Western Bulldogs
Cody Weightman,Western Bulldogs
Connor Budarick,Western Bulldogs
Cooper Hynes,Western Bulldogs
Ed Richards,Western Bulldogs
Harvey Gallagher,Western Bulldogs
James Harmes,Western Bulldogs
James O'Donnell,Western Bulldogs
Jedd Busslinger,Western Bulldogs
Joel Freijah,Western Bulldogs
Jordan Croft,Western Bulldogs
Josh Dolan,Western Bulldogs
Lachie Jaques,Western Bulldogs
Lachlan Bramble,Western Bulldogs
Lachlan Carmichael,Western Bulldogs
Lachlan McNeil,Western Bulldogs
Lachlan Smith,Western Bulldogs
Laitham Vandermeer,Western Bulldogs
Louis Emmett,Western Bulldogs
Luke Cleary,Western Bulldogs
Luke Kennedy,Western Bulldogs
Marcus Bontempelli,Western Bulldogs
Matthew Kennedy,Western Bulldogs
Michael Sellwood,Western Bulldogs
Nick Coffield,Western Bulldogs
Oskar Baker,Western Bulldogs
Rhylee West,Western Bulldogs
Riley Garcia,Western Bulldogs
Rory Lobb,Western Bulldogs
Ryan Gardner,Western Bulldogs
Ryley Sanders,Western Bulldogs
Sam Darcy,Western Bulldogs
Sam Davidson,Western Bulldogs
Tim English,Western Bulldogs
Tom Liberatore,Western Bulldogs
Will Darcy,Western Bulldogs
Zac Walker,Western Bulldogs
Will Lewis,Western Bulldogs