Year,Round,Player,Team
2026,17,Zeke Uwland,Gold Coast
2026,16,Ty Gallop,Brisbane Lions
2026,15,Jai Murray,Gold Coast
2026,14,Jasper Alger,Richmond
2026,13,Cooper Hynes,Western Bulldogs
2026,12,Harry Dean,Carlton
2026,11,Patrick Retschenko,Richmond
2026,10,Josh Lindsay,West Coast
2026,9,Sullivan Robey,Essendon
2026,8,Jack Whitlock,Port Adelaide
2026,7,Sam Grlj,Richmond
2026,6,Phoenix Gothard,Greater Western Sydney
2026,5,Jacob Farrow,Essendon
2026,4,Cooper Trembath,North Melbourne
2026,3,Willem Duursma,West Coast
2026,2,Jobe Shanahan,West Coast
2026,1,Jagga Smith,Carlton
2026,0,Leo Lombard,Gold Coast
2025,24,Matt Carroll,Carlton
2025,23,Harry Rowston,Greater Western Sydney
2025,22,Hugh Boxshall,St Kilda
2025,21,Ethan Read,Gold Coast
2025,20,Joe Fonti,Greater Western Sydney
2025,19,Ashton Moir,Carlton
2025,18,Luke Trainor,Richmond
2025,17,Isaac Kako,Essendon
2025,16,Clay Hall,West Coast
2025,15,Finn O'Sullivan,North Melbourne
2025,14,Tyrell Dewar,West Coast
2025,13,Daniel Curtin,Adelaide
2025,12,Ed Allan,Collingwood
2025,11,Angus Clarke,Essendon
2025,10,Cooper Lord,Carlton
2025,9,Nate Caddy,Essendon
2025,8,Hugo Garcia,St Kilda
2025,7,Xavier Lindsay,Melbourne
2025,6,Murphy Reid,Fremantle
2025,5,Archie Roberts,Essendon
2025,4,Levi Ashcroft,Brisbane Lions
2025,3,Harvey Langford,Melbourne
2025,2,Connor O'Sullivan,Geelong
2025,1,Sam Lalor,Richmond
2024,24,Logan Evans,Port Adelaide
2024,23,Calsher Dear,Hawthorn
2024,22,Nate Caddy,Essendon
2024,21,Jackson Archer,North Melbourne
2024,20,Josh Draper,Fremantle
2024,19,Nick Watson,Hawthorn
2024,18,Lawson Humphries,Geelong
2024,17,Darcy Jones,Greater Western Sydney
2024,16,Will Graham,Gold Coast
2024,15,Logan Morris,Brisbane Lions
2024,14,Harvey Thomas,Greater Western Sydney
2024,13,Luke Nankervis,Adelaide
2024,12,Bodhi Uwland,Gold Coast
2024,11,Harvey Harrison,Collingwood
2024,10,Kai Lohmann,Brisbane Lions
2024,9,Colby McKercher,North Melbourne
2024,8,Caleb Windsor,Melbourne
2024,7,Jake Rogers,Gold Coast
2024,6,Darcy Wilson,St Kilda
2024,5,Harley Reid,West Coast
2024,4,Sam Darcy,Western Bulldogs
2024,3,Harvey Gallagher,Western Bulldogs
2024,2,George Wardlaw,North Melbourne
2024,1,Oliver Dempsey,Geelong
2024,0,Matt Roberts,Sydney
2023,24,Eddie Ford,North Melbourne
2023,23,Matthew Johnson,Fremantle
2023,22,Elijah Hewett,West Coast
2023,21,Oliver Hollands,Carlton
2023,20,Mac Andrew,Gold Coast
2023,19,Jaspa Fletcher,Brisbane Lions
2023,18,Judd McVee,Melbourne
2023,17,Seamus Mitchell,Hawthorn
2023,16,Lukas Pedlar,Adelaide
2023,15,Angus Sheldrick,Sydney
2023,14,Darcy Wilmot,Brisbane Lions
2023,13,George Wardlaw,North Melbourne
2023,12,Jacob van Rooyen,Melbourne
2023,11,Jye Amiss,Fremantle
2023,10,Josh Weddle,Hawthorn
2023,9,Bailey Humphrey,Gold Coast
2023,8,Mattaes Phillipou,St Kilda
2023,7,Finn Callaghan,Greater Western Sydney
2023,6,Jai Culley,West Coast
2023,5,Max Michalanney,Adelaide
2023,4,Mitch Owens,St Kilda
2023,3,Reubin Ginbey,West Coast
2023,2,Will Ashcroft,Brisbane Lions
2023,1,Harry Sheezel,North Melbourne
2022,23,Nathan O'Driscoll,Fremantle
2022,22,Marcus Windhager,St Kilda
2022,21,Elijah Hollands,Gold Coast
2022,20,Noah Cumberland,Richmond
2022,19,Jamarra Ugle-Hagan,Western Bulldogs
2022,18,Josh Ward,Hawthorn
2022,17,Hugo Ralphsmith,Richmond
2022,16,Massimo D'Ambrosio,Essendon
2022,15,Lachlan Jones,Port Adelaide
2022,14,Ben Hobbs,Essendon
2022,13,Brandon Walker,Fremantle
2022,12,Logan McDonald,Sydney
2022,11,Sam De Koning,Geelong
2022,10,Joel Jeffrey,Gold Coast
2022,9,Corey Durdin,Carlton
2022,8,Heath Chapman,Fremantle
2022,7,Jason Horne-Francis,North Melbourne
2022,6,Jack Ginnivan,Collingwood
2022,5,Jai Newcombe,Hawthorn
2022,4,Josh Rachele,Adelaide
2022,3,Nick Daicos,Collingwood
2022,2,Jake Bowey,Melbourne
2022,1,Nic Martin,Essendon
2021,23,Connor Idun,Greater Western Sydney
2021,22,Jake Bowey,Melbourne
2021,21,Miles Bergman,Port Adelaide
2021,20,Hayden Young,Fremantle
2021,19,Harry Schoenberg,Adelaide
2021,18,Jeremy Sharp,Gold Coast
2021,17,Archie Perkins,Essendon
2021,16,Justin McInerney,Sydney
2021,15,Deven Robertson,Brisbane Lions
2021,14,Harrison Jones,Essendon
2021,13,Riley Thilthorpe,Adelaide
2021,12,Nikolas Cox,Essendon
2021,11,Trent Rivers,Melbourne
2021,10,Cody Weightman,Western Bulldogs
2021,9,Tom Green,Greater Western Sydney
2021,8,James Jordon,Melbourne
2021,7,Luke Jackson,Melbourne
2021,6,Jacob Koschitzke,Hawthorn
2021,5,Mitch Georgiades,Port Adelaide
2021,4,Lachlan Sholl,Adelaide
2021,3,Chad Warner,Sydney
2021,2,Braeden Campbell,Sydney
2021,1,Errol Gulden,Sydney
2020,18,Lachlan Sholl,Adelaide
2020,17,Isaac Quaynor,Collingwood
2020,16,Will Day,Hawthorn
2020,15,Justin McInerney,Sydney
2020,14,Jake Riccardi,Greater Western Sydney
2020,13,Brandon Starcevich,Brisbane Lions
2020,12,Max King,St Kilda
2020,11,Kysaiah Pickett,Melbourne
2020,10,Luke Jackson,Melbourne
2020,9,Mitch Georgiades,Port Adelaide
2020,8,Caleb Serong,Fremantle
2020,7,Noah Anderson,Gold Coast
2020,6,Izak Rankine,Gold Coast
2020,5,Curtis Taylor,North Melbourne
2020,4,Tom Green,Greater Western Sydney
2020,3,Connor Budarick,Gold Coast
2020,2,Matt Rowell,Gold Coast
2020,1,Sam Sturt,Fremantle
2019,23,Brent Daniels,Greater Western Sydney
2019,22,Josh Battle,St Kilda
2019,21,Oscar Allen,West Coast
2019,20,Noah Answerth,Brisbane Lions
2019,19,Ben King,Gold Coast
2019,18,Mitchell Lewis,Hawthorn
2019,17,Shai Bolton,Richmond
2019,16,Nick Larkey,North Melbourne
2019,15,Jordan Clark,Geelong
2019,14,Nick Blakey,Sydney
2019,13,Dylan Clarke,Essendon
2019,12,Tarryn Thomas,North Melbourne
2019,11,Sydney Stack,Richmond
2019,10,Liam Baker,Richmond
2019,9,Bailey Smith,Western Bulldogs
2019,8,Gryan Miers,Geelong
2019,7,Cameron Zurhaar,North Melbourne
2019,6,Xavier Duursma,Port Adelaide
2019,5,Jack Petruccelle,West Coast
2019,4,Sam Walsh,Carlton
2019,3,Connor Rozee,Port Adelaide
2019,2,Charlie Constable,Geelong
2019,1,Bailey Scott,North Melbourne
2018,23,Aaron Naughton,Western Bulldogs
2018,22,Aaron Francis,Essendon
2018,21,James Worpel,Hawthorn
2018,20,Harry Morrison,Hawthorn
2018,19,Tom Cole,West Coast
2018,18,Jack Higgins,Richmond
2018,17,Sam Taylor,Greater Western Sydney
2018,16,Adam Cerra,Fremantle
2018,15,Cameron Rayner,Brisbane Lions
2018,14,Paddy Dow,Carlton
2018,13,Hunter Clark,St Kilda
2018,12,Brennan Cox,Fremantle
2018,11,Oliver Florent,Sydney
2018,10,Ed Richards,Western Bulldogs
2018,9,Alex Witherden,Brisbane Lions
2018,8,Ben Ronke,Sydney
2018,7,Jack Henry,Geelong
2018,6,Jake Waterman,West Coast
2018,5,Ben Long,St Kilda
2018,4,Jaidyn Stephenson,Collingwood
2018,3,Sam Murray,Collingwood
2018,2,Tom Doedee,Adelaide
2018,1,Riley Bonner,Port Adelaide
2017,23,Will Hayward,Sydney
2017,22,Ben Ainsworth,Gold Coast
2017,21,Dan Houston,Port Adelaide
2017,20,Luke Ryan,Fremantle
2017,19,Jason Castagna,Richmond
2017,18,Lewis Melican,Sydney
2017,17,Alex Witherden,Brisbane Lions
2017,16,Charlie Curnow,Carlton
2017,15,Blake Hardwick,Hawthorn
2017,14,Hugh McCluggage,Brisbane Lions
2017,13,Jack Silvagni,Carlton
2017,12,David Cuningham,Carlton
2017,11,Dan Butler,Richmond
2017,10,Wayne Milera,Adelaide
2017,9,Tom Phillips,Collingwood
2017,8,Tim Taranto,Greater Western Sydney
2017,7,Sam Petrevski-Seton,Carlton
2017,6,Caleb Marchbank,Carlton
2017,5,Eric Hipwood,Brisbane Lions
2017,4,Andrew McGrath,Essendon
2017,3,Brandan Parfitt,Geelong
2017,2,Ryan Burton,Hawthorn
2017,1,Sam Powell-Pepper,Port Adelaide
2016,23,Tom Barrass,West Coast
2016,22,Daniel Rioli,Richmond
2016,21,Oscar McDonald,Melbourne
2016,20,Josh Dunkley,Western Bulldogs
2016,19,Darcy Moore,Collingwood
2016,18,Ryan Clarke,North Melbourne
2016,17,Orazio Fantasia,Essendon
2016,16,Callum Mills,Sydney
2016,15,Peter Wright,Gold Coast
2016,14,Jade Gresham,St Kilda
2016,13,James Sicily,Hawthorn
2016,12,Lachie Weller,Fremantle
2016,11,Connor Blakely,Fremantle
2016,10,Darcy Byrne-Jones,Port Adelaide
2016,9,Christian Petracca,Melbourne
2016,8,Jacob Hopper,Greater Western Sydney
2016,7,James Harmes,Melbourne
2016,6,Blake Acres,St Kilda
2016,5,Tom Papley,Sydney
2016,4,Caleb Daniel,Western Bulldogs
2016,3,Jacob Weitering,Carlton
2016,2,Darcy Parish,Essendon
2016,1,Clayton Oliver,Melbourne
2015,23,Orazio Fantasia,Essendon
2015,22,Ben Lennon,Richmond
2015,21,Darcy Lang,Geelong
2015,20,Jordan De Goey,Collingwood
2015,19,Jackson Thurlow,Geelong
2015,18,Harris Andrews,Brisbane Lions
2015,17,Jake Lever,Adelaide
2015,16,Touk Miller,Gold Coast
2015,15,Dom Sheed,West Coast
2015,14,Jack Lonie,St Kilda
2015,13,Charlie Cameron,Adelaide
2015,12,Tom Boyd,Western Bulldogs
2015,11,Tim Broomhead,Collingwood
2015,10,Angus Brayshaw,Melbourne
2015,9,Jesse Hogan,Melbourne
2015,8,Cam McCarthy,Greater Western Sydney
2015,7,Billy Hartung,Hawthorn
2015,6,Cory Gregson,Geelong
2015,5,Adam Saad,Gold Coast
2015,4,Patrick Cripps,Carlton
2015,3,Isaac Heeney,Sydney
2015,2,Mitch Honeychurch,Western Bulldogs
2015,1,Kamdyn McIntosh,Richmond
2014,23,Jack Martin,Gold Coast
2014,22,Matt Taberner,Fremantle
2014,21,Jake Lloyd,Sydney
2014,20,Jake Stringer,Western Bulldogs
2014,19,Darcy Gardiner,Brisbane Lions
2014,18,Jonathon Patton,Greater Western Sydney
2014,17,Nathan Hrovat,Western Bulldogs
2014,16,Troy Menzel,Carlton
2014,15,Harry Cunningham,Sydney
2014,14,Jack Billings,St Kilda
2014,13,Marcus Bontempelli,Western Bulldogs
2014,12,Joe Daniher,Essendon
2014,11,Zach Merrett,Essendon
2014,10,Kade Kolodjashnij,Gold Coast
2014,9,Lewis Taylor,Brisbane Lions
2014,8,Jarman Impey,Port Adelaide
2014,7,Tom Langdon,Collingwood
2014,6,James Aish,Brisbane Lions
2014,5,Matt Crouch,Adelaide
2014,4,Luke McDonald,North Melbourne
2014,3,Josh Kelly,Greater Western Sydney
2014,2,Dylan Buckley,Carlton
2014,1,Luke Dunstan,St Kilda
2013,23,Luke Brown,Adelaide
2013,22,Brodie Grundy,Collingwood
2013,21,Jack Viney,Melbourne
2013,20,Rory Laird,Adelaide
2013,19,Zac Williams,Greater Western Sydney
2013,18,Marley Williams,Collingwood
2013,17,Adam Tomlinson,Greater Western Sydney
2013,16,Tom Nicholls,Gold Coast
2013,15,Michael Talia,Western Bulldogs
2013,14,Brad Crouch,Adelaide
2013,13,Jake Neade,Port Adelaide
2013,12,Sam Mayes,Brisbane Lions
2013,11,Tom Mitchell,Sydney
2013,10,Lachie Whitfield,Greater Western Sydney
2013,9,Sam Kerridge,Adelaide
2013,8,Jackson Macrae,Western Bulldogs
2013,7,Nick Vlastuin,Richmond
2013,6,Bradley Hill,Hawthorn
2013,5,Jaeger O'Meara,Gold Coast
2013,4,George Horlin-Smith,Geelong
2013,3,Jed Anderson,Hawthorn
2013,2,Aaron Mullett,North Melbourne
2013,1,Ollie Wines,Port Adelaide
2012,23,Dom Tyson,Greater Western Sydney
2012,22,Chad Wingard,Port Adelaide
2012,21,Sam Shaw,Adelaide
2012,20,Sam Blease,Melbourne
2012,19,Devon Smith,Greater Western Sydney
2012,18,Adam Treloar,Greater Western Sydney
2012,17,Brandon Ellis,Richmond
2012,16,Josh Caddy,Gold Coast
2012,15,Arryn Siposs,St Kilda
2012,14,Toby Greene,Greater Western Sydney
2012,13,Tom McDonald,Melbourne
2012,12,Daniel Talia,Adelaide
2012,11,Ben Sinclair,Collingwood
2012,10,Dylan Shiel,Greater Western Sydney
2012,9,Jake Carlisle,Essendon
2012,8,Mitchell Golby,Brisbane Lions
2012,7,Stephen Coniglio,Greater Western Sydney
2012,6,Steven Motlop,Geelong
2012,5,Tomas Bugg,Greater Western Sydney
2012,4,Mitch Wallis,Western Bulldogs
2012,3,Dylan Grimes,Richmond
2012,2,Jeremy Cameron,Greater Western Sydney
2012,1,Claye Beams,Brisbane Lions
2011,24,Liam Jones,Western Bulldogs
2011,23,Sam Blease,Melbourne
2011,22,Alex Fasolo,Collingwood
2011,21,Luke Dahlhaus,Western Bulldogs
2011,20,Zac Clarke,Fremantle
2011,19,Andrew Gaff,West Coast
2011,18,Allen Christensen,Geelong
2011,17,Trent McKenzie,Gold Coast
2011,16,Jake Batchelor,Richmond
2011,15,Luke Breust,Hawthorn
2011,14,David Swallow,Gold Coast
2011,13,Daniel Menzel,Geelong
2011,12,Sam Reid,Sydney
2011,11,Jordan Gysberts,Melbourne
2011,10,Jack Steven,St Kilda
2011,9,Reece Conca,Richmond
2011,8,Shane Savage,Hawthorn
2011,7,Zac Smith,Gold Coast
2011,6,Jack Darling,West Coast
2011,5,Brandon Matera,Gold Coast
2011,4,Jasper Pittard,Port Adelaide
2011,3,Mitch Duncan,Geelong
2011,2,Luke Shuey,West Coast
2011,1,Dyson Heppell,Essendon
2010,22,Anthony Morabito,Fremantle
2010,21,Sam Wright,North Melbourne
2010,20,Jackson Trengove,Port Adelaide
2010,19,Jeff Garlett,Carlton
2010,18,Michael Hurley,Essendon
2010,17,Jarrad Grant,Western Bulldogs
2010,16,Phil Davis,Adelaide
2010,15,Jack Redden,Brisbane Lions
2010,14,Ben Stratton,Hawthorn
2010,13,Tom Rockliff,Brisbane Lions
2010,12,Ben Reid,Collingwood
2010,11,Jordan Gysberts,Melbourne
2010,10,Dustin Martin,Richmond
2010,9,Nat Fyfe,Fremantle
2010,8,Jake Melksham,Essendon
2010,7,Tom Scully,Melbourne
2010,6,Todd Banfield,Brisbane Lions
2010,5,Jack Trengove,Melbourne
2010,4,Nic Naitanui,West Coast
2010,3,Ryan Bastinac,North Melbourne
2010,2,Dan Hannebery,Sydney
2010,1,Chris Yarran,Carlton
2009,22,Jesse White,Sydney
2009,21,Nick Suban,Fremantle
2009,20,Michael Hurley,Essendon
2009,19,Mitch Brown,West Coast
2009,18,Callan Ward,Western Bulldogs
2009,17,Dayne Beams,Collingwood
2009,16,Chris Masten,West Coast
2009,15,Liam Jurrah,Melbourne
2009,14,Jack Grimes,Melbourne
2009,13,Tayte Pears,Essendon
2009,12,Aaron Joseph,Carlton
2009,11,Brad Dick,Collingwood
2009,10,Taylor Walker,Adelaide
2009,9,Andy Otten,Adelaide
2009,8,Jarryn Geary,St Kilda
2009,7,Jack Ziebell,North Melbourne
2009,6,Stephen Hill,Fremantle
2009,5,Garry Moss,Hawthorn
2009,4,Jaxson Barham,Collingwood
2009,3,Patrick Dangerfield,Adelaide
2009,2,David Zaharakis,Essendon
2009,1,Daniel Rich,Brisbane Lions
2008,22,Alipate Carlile,Port Adelaide
2008,21,Bradd Dalziell,Brisbane Lions
2008,20,Cale Morton,Melbourne
2008,19,Shaun Grigg,Carlton
2008,18,Gavin Urquhart,North Melbourne
2008,17,Brad Ebert,West Coast
2008,16,Kyle Reimers,Essendon
2008,15,Jack Riewoldt,Richmond
2008,14,Colin Garland,Melbourne
2008,13,Jarryd Morton,Hawthorn
2008,12,Trent Cotchin,Richmond
2008,11,Matthew Kreuzer,Carlton
2008,10,Nathan Brown,Collingwood
2008,9,Garrick Ibbotson,Fremantle
2008,8,Kurt Tippett,Adelaide
2008,7,Austin Wonaeamirri,Melbourne
2008,6,Cyril Rioli,Hawthorn
2008,5,Ben McKinley,West Coast
2008,4,Kieren Jack,Sydney
2008,3,Rhys Palmer,Fremantle
2008,2,Josh Hill,Western Bulldogs
2008,1,Bachar Houli,Essendon
2007,22,Will Thursfield,Richmond
2007,21,Tyson Goldsack,Collingwood
2007,20,Mark LeCras,West Coast
2007,19,Travis Boak,Port Adelaide
2007,18,Tom Williams,Western Bulldogs
2007,17,Nathan Jones,Melbourne
2007,16,Sam Gilbert,St Kilda
2007,15,Justin Westhoff,Port Adelaide
2007,14,Scott McMahon,North Melbourne
2007,13,Martin Clarke,Collingwood
2007,12,Robbie Gray,Port Adelaide
2007,11,Shannon Hurn,West Coast
2007,10,Bryce Gibbs,Carlton
2007,9,Mitch Clark,Brisbane Lions
2007,8,Shaun Higgins,Western Bulldogs
2007,7,Jesse Smith,North Melbourne
2007,6,Ricky Petterd,Melbourne
2007,5,Joel Selwood,Geelong
2007,4,Scott Pendlebury,Collingwood
2007,3,Tom Hawkins,Geelong
2007,2,Cameron Wood,Brisbane Lions
2007,1,Patrick Ryder,Essendon
2006,22,Mark LeCras,West Coast
2006,21,Brad Moran,North Melbourne
2006,20,Nathan Jones,Melbourne
2006,19,Nathan Foley,Richmond
2006,18,Matthew Bate,Melbourne
2006,17,Andrew Swallow,North Melbourne
2006,16,Troy Chaplin,Port Adelaide
2006,15,Matthew Moody,Brisbane Lions
2006,14,Grant Birchall,Hawthorn
2006,13,Cheynee Stiller,Brisbane Lions
2006,12,Clinton Young,Hawthorn
2006,11,Jacob Surjan,Port Adelaide
2006,10,Matt Rosa,West Coast
2006,9,Brad Symes,Port Adelaide
2006,8,Michael Rischitelli,Brisbane Lions
2006,7,Clint Bartram,Melbourne
2006,6,Dean Polo,Richmond
2006,5,Heath Shaw,Collingwood
2006,4,Andrew Raines,Richmond
2006,3,Danyle Pearce,Port Adelaide
2006,2,Dale Thomas,Collingwood
2006,1,Marc Murphy,Carlton
2005,22,Raphael Clarke,St Kilda
2005,21,Nathan Ablett,Geelong
2005,20,Adam Bentick,Carlton
2005,19,Jarryd Roughead,Hawthorn
2005,18,Kade Simpson,Carlton
2005,17,Anthony Corrie,Brisbane Lions
2005,16,Adam Selwood,West Coast
2005,15,Troy Selwood,Brisbane Lions
2005,14,David Mundy,Fremantle
2005,13,Ryan Griffen,Western Bulldogs
2005,12,Jed Adcock,Brisbane Lions
2005,11,Jordan Lewis,Hawthorn
2005,10,Travis Cloke,Collingwood
2005,9,Colin Sylvia,Melbourne
2005,8,Brett Deledio,Richmond
2005,7,Will Minson,Western Bulldogs
2005,6,Justin Sherman,Brisbane Lions
2005,5,Jason Laycock,Essendon
2005,4,Lance Franklin,Hawthorn
2005,3,Brock McLean,Melbourne
2005,2,Shannon Byrnes,Geelong
2005,1,Kepler Bradley,Essendon
2004,22,Brent Hartigan,Richmond
2004,21,Adam Cooney,Western Bulldogs
2004,20,Brent Stanton,Essendon
2004,19,Daniel Cross,Western Bulldogs
2004,18,Beau Waters,West Coast
2004,17,Sam Butler,West Coast
2004,16,Brent Reilly,Adelaide
2004,15,Mark Seaby,West Coast
2004,14,Jay Schulz,Richmond
2004,13,Karl Norman,Carlton
2004,12,Richard Hadley,Brisbane Lions
2004,11,Brett Ebert,Port Adelaide
2004,10,Brent Moloney,Geelong
2004,9,Guy Richards,Collingwood
2004,8,Andrew Mackie,Geelong
2004,7,Brent Staker,West Coast
2004,6,Kane Tenace,Geelong
2004,5,Andrew Walker,Carlton
2004,4,Paul Bevan,Sydney
2004,3,Jared Rivers,Melbourne
2004,2,Michael Firrito,North Melbourne
2004,1,Aaron Davey,Melbourne
2003,22,Matthew Lokan,Collingwood
2003,22,Ashley McGrath,Brisbane Lions
2003,21,Andrew McDougall,West Coast
2003,20,Leigh Montagna,St Kilda
2003,19,Marc Bullen,Essendon
2003,18,Lewis Roberts-Thomson,Sydney
2003,17,Richard Cole,Collingwood
2003,16,Daniel Motlop,North Melbourne
2003,15,Ted Richards,Essendon
2003,14,Aaron Sandilands,Fremantle
2003,13,Byron Schammer,Fremantle
2003,12,Brad Fisher,Carlton
2003,11,Daniel Wells,North Melbourne
2003,10,Jarrad Waite,Carlton
2003,9,Graham Polak,Fremantle
2003,8,Ashley Sampi,West Coast
2003,7,Brendon Goddard,St Kilda
2003,6,Michael Osborne,Hawthorn
2003,5,Adam Schneider,Sydney
2003,4,Jared Brennan,Brisbane Lions
2003,3,Trent Sporn,Carlton
2003,2,Luke Ball,St Kilda
2003,1,Sam Mitchell,Hawthorn
2002,22,Campbell Brown,Hawthorn
2002,21,Jamie Charman,Brisbane Lions
2002,20,Ty Zantuck,Richmond
2002,19,Tadhg Kennelly,Sydney
2002,18,Jordan McMahon,Western Bulldogs
2002,17,Nick Ries,Hawthorn
2002,16,Alan Didak,Collingwood
2002,15,Luke Hodge,Hawthorn
2002,14,Mark Coughlan,Richmond
2002,13,Shaun Burgoyne,Port Adelaide
2002,12,James Kelly,Geelong
2002,11,Ryan Hargrave,Western Bulldogs
2002,10,Mark McGough,Collingwood
2002,9,Shane Birss,Western Bulldogs
2002,8,David Rodan,Richmond
2002,7,Xavier Clarke,St Kilda
2002,6,Jason Cloke,Collingwood
2002,5,Nick Riewoldt,St Kilda
2002,4,Jimmy Bartel,Geelong
2002,3,Steven Armstrong,Melbourne
2002,2,Chris Judd,West Coast
2002,1,Paul Medhurst,Fremantle
2001,22,Steven Greene,Hawthorn
2001,21,Dion Woods,Fremantle
2001,20,Corey Enright,Geelong
2001,19,Robert Copeland,Brisbane Lions
2001,18,Aaron Fiora,Richmond
2001,17,Brent Guerra,Port Adelaide
2001,16,Robert Murphy,Western Bulldogs
2001,15,Daniel Giansiracusa,Western Bulldogs
2001,14,Justin Koschitzke,St Kilda
2001,13,Adam McPhee,Fremantle
2001,12,Cameron Ling,Geelong
2001,11,Mark McVeigh,Essendon
2001,10,Brett Johnson,Hawthorn
2001,9,Luke Penny,Western Bulldogs
2001,8,Danny Jacobs,Essendon
2001,7,James Begley,St Kilda
2001,6,Aaron Henneman,Essendon
2001,5,Caydn Beetham,St Kilda
2001,4,Ryan Lonie,Collingwood
2001,3,Daniel Kerr,West Coast
2001,2,Daniel Harris,North Melbourne
2001,1,Damian Cupido,Brisbane Lions
2000,22,Josh Carr,Port Adelaide
2000,21,Chad Fletcher,West Coast
2000,20,Ryan Houlihan,Carlton
2000,19,Brad Green,Melbourne
2000,18,Matthew Scarlett,Geelong
2000,17,Matthew Pavlich,Fremantle
2000,16,Brett Moyle,St Kilda
2000,15,Matthew Whelan,Melbourne
2000,14,Andrew Embley,West Coast
2000,13,Beau McDonald,Brisbane Lions
2000,12,Ian Perrie,Adelaide
2000,11,Glen Bowyer,Hawthorn
2000,10,Chad Cornes,Port Adelaide
2000,9,Jude Bolton,Sydney
2000,8,Cameron Bruce,Melbourne
2000,7,Adam Lange,North Melbourne
2000,6,Josh Fraser,Collingwood
2000,5,Adam Ramanauskas,Essendon
2000,4,Leigh Brown,Fremantle
2000,3,Damien Adkins,Collingwood
2000,2,David Spriggs,Geelong
2000,1,Paul Hasleby,Fremantle
1999,22,Lenny Hayes,St Kilda
1999,21,Tim Notting,Brisbane Lions
1999,20,Ben Mathews,Sydney
1999,19,Matthew Bode,Port Adelaide
1999,18,Paul Licuria,Collingwood
1999,17,Luke Power,Brisbane Lions
1999,16,Marc Dragicevic,Richmond
1999,15,Andrew Shipp,Fremantle
1999,14,Nathan Thompson,Hawthorn
1999,13,Mark Johnson,Essendon
1999,12,Andrew Williams,West Coast
1999,11,Dean Solomon,Essendon
1999,10,Brett Burton,Adelaide
1999,9,Simon Black,Brisbane Lions
1999,8,Rowan Jones,West Coast
1999,7,Dean Rioli,Essendon
1999,6,David Gallagher,Adelaide
1999,5,Nick Davis,Collingwood
1999,4,Troy Longmuir,Melbourne
1999,3,Brett Backwell,Carlton
1999,2,Adam Goodes,Sydney
1999,1,Shane O'Bree,Brisbane Lions
1998,22,Darren Milburn,Geelong
1998,21,Jason Johnson,Essendon
1998,20,Kris Massie,Carlton
1998,19,Andrew Eccles,Adelaide
1998,18,Trent Croad,Hawthorn
1998,17,Jared Crouch,Sydney
1998,16,Jade Rawlings,Hawthorn
1998,15,Justin Plapp,Richmond
1998,14,Russell Robertson,Melbourne
1998,13,Stuart Dew,Port Adelaide
1998,12,James Rahilly,Geelong
1998,11,Jason Saddington,Sydney
1998,10,Darren Hulme,Carlton
1998,9,Nick Stevens,Port Adelaide
1998,8,Travis Johnstone,Melbourne
1998,7,Warren Tredrea,Port Adelaide
1998,6,Evan Hewitt,North Melbourne
1998,5,Jonathan Hay,Hawthorn
1998,4,Jess Sinclair,Fremantle
1998,3,Byron Pickett,North Melbourne
1998,2,Luke Power,Brisbane Lions
1998,1,Michael Braun,West Coast
1997,22,Angelo Lekkas,Hawthorn
1997,21,Nathan Eagleton,Port Adelaide
1997,20,Robert Powell,Richmond
1997,19,Michael Gardiner,West Coast
1997,18,Mal Michael,Collingwood
1997,17,Brad Scott,Hawthorn
1997,16,Carl Steinfort,Geelong
1997,15,Peter Vardy,Adelaide
1997,14,Michael Braun,West Coast
1997,13,Blake Caracella,Essendon
1997,12,Kane Johnson,Adelaide
1997,11,Troy Cook,Sydney
1997,10,Shane Woewodin,Melbourne
1997,9,Stefan Carey,Sydney
1997,8,Daniel Bradshaw,Brisbane Lions
1997,7,Brendon Lade,Port Adelaide
1997,6,Adam Houlihan,Geelong
1997,5,Heath Black,Fremantle
1997,4,Michael Wilson,Port Adelaide
1997,3,Bowen Lockwood,Port Adelaide
1997,2,Joel Bowden,Richmond
1997,1,Lance Whitnall,Carlton
1996,22,Craig Callaghan,Fremantle
1996,21,Jeff Farmer,Melbourne
1996,20,Luke Toia,Fremantle
1996,19,Matthew Lloyd,Essendon
1996,18,Daniel McPherson,Sydney
1996,17,Peter Bell,North Melbourne
1996,16,Chad Morrison,West Coast
1996,15,Steven King,Geelong
1996,14,Kingsley Hunter,Fremantle
1996,13,Craig Biddiscombe,Geelong
1996,12,Ben Cousins,West Coast
1996,11,Adem Yze,Melbourne
1996,10,Daniel Chick,Hawthorn
1996,9,Jarrad Schofield,West Coast
1996,8,Nick Carter,Fitzroy
1996,7,Andrew Schauble,Collingwood
1996,6,Shannon Grant,Sydney
1996,5,Adam Simpson,North Melbourne
1996,4,Greg Harding,Fremantle
1996,3,Luke Darcy,Western Bulldogs
1996,2,Daniel Bandy,Fremantle
1996,1,Matthew Primus,Fitzroy
1995,22,Aaron Lord,Geelong
1995,21,Stephen Jurica,Richmond
1995,20,Andrew McLeod,Adelaide
1995,19,Justin Crawford,Sydney
1995,18,Fraser Gehrig,West Coast
1995,17,Daniel Hargraves,Western Bulldogs
1995,16,Craig Callaghan,Fremantle
1995,15,Adrian Whitehead,Carlton
1995,14,Joel Smith,St Kilda
1995,13,Stuart Anderson,North Melbourne
1995,12,Ryan O'Connor,Essendon
1995,11,Matthew Capuano,North Melbourne
1995,10,Shaun McManus,Fremantle
1995,9,Austinn Jones,St Kilda
1995,8,Michael O'Loughlin,Sydney
1995,7,Brad Johnson,Western Bulldogs
1995,6,Steven Lawrence,Brisbane Bears
1995,5,David Bourke,Richmond
1995,4,Nick Holland,Hawthorn
1995,3,Martin McKinnon,Adelaide
1995,2,Scott Camporeale,Carlton
1995,1,Tyson Lane,Western Bulldogs
1994,24,Duncan Kellaway,Richmond
1994,23,Sean Wellman,Adelaide
1994,22,Jon Hassall,Collingwood
1994,21,Chris Johnson,Fitzroy
1994,20,Rayden Tallis,Hawthorn
1994,19,Scott Cummings,Essendon
1994,18,Troy Bond,Carlton
1994,17,Matthew Kluzek,Adelaide
1994,16,Daniel Southern,Western Bulldogs
1994,15,Jamie Tape,Richmond
1994,14,Matthew Clarke,Brisbane Bears
1994,13,Simon Hawking,Fitzroy
1994,12,Shane Wakelin,St Kilda
1994,11,Matthew Rogers,Richmond
1994,10,Mark Graham,Hawthorn
1994,9,Drew Banfield,West Coast
1994,8,Kent Butcher,Collingwood
1994,7,Chris Scott,Brisbane Bears
1994,6,James Cook,Carlton
1994,5,Jarrod Molloy,Fitzroy
1994,4,Brett Spinks,West Coast
1994,3,John Barker,Fitzroy
1994,2,Corey McKernan,North Melbourne
1994,1,Che Cockatoo-Collins,Essendon
1993,22,Leigh Colbert,Geelong
1993,21,Brad Nicholson,Western Bulldogs
1993,20,Mark Mercuri,Essendon
1993,19,Ricky Olarenshaw,Essendon
1993,18,Ang Christou,Carlton
1993,17,Ilija Grgic,Western Bulldogs
1993,16,Mark Ricciuto,Adelaide
1993,15,Duncan Kellaway,Richmond
1993,14,Darren Kowal,Melbourne
1993,13,Saverio Rocca,Collingwood
1993,12,Glenn Archer,North Melbourne
1993,11,Brodie Atkinson,St Kilda
1993,10,Matthew Richardson,Richmond
1993,9,Dustin Fletcher,Essendon
1993,8,James Hird,Essendon
1993,7,Nathan Buckley,Brisbane Bears
1993,6,David Neitz,Melbourne
1993,5,Scott West,Western Bulldogs
1993,4,Joe Misiti,Essendon
1993,3,Nathan Chapman,Brisbane Bears
1993,2,Shane Crawford,Hawthorn
1993,1,Peter Everitt,St Kilda