year,finish,driver1,driver2,car
1963,1,Bob Jane,Harry Firth,Ford Motor Co. of Australia
1963,2,Morris 850,Unknown,Vaughan & Lane Pty Ltd
1963,3,Jim McKeown,George Reynolds,Victorian VW Agents-VW Sales
1963,4,Volkswagen 1200,Unknown,A. Andrews
1963,5,Volkswagen 1200,Unknown,Macquarie Motors
1963,6,Morris 850,Unknown,K.B. Nicholson Motors
1963,7,Barry Seton,Unknown,H.E. Taylor
1963,8,Volkswagen 1200,Unknown,Kinsley Motors
1963,9,Spencer Martin,Brian Muir,Heldon Motors Pty. Ltd.
1963,10,Brian Foley,Peter Manton,P & R Williams
1963,11,Triumph Herald,Unknown,Reg Smith Motors
1963,12,Fred Gibson,Unknown,Vaughan & Lane Pty Ltd
1963,13,Simca Aronde,Unknown,Cecil R Pierce
1963,14,Morris Major Elite,Unknown,Gurdon Motors
1963,15,Jack Murray,Unknown,Gurdon Motors
1963,16,Morris Major Elite,Unknown,Gurdon Motors
1963,17,Morris Major Elite,Unknown,Ron Thorp's Bargain Barn
1963,18,Renault Gordini,Unknown,Rex Emmett
1963,19,Scuderia Veloce,Unknown,Ron Clarke David Walker
1963,21,Ian Geoghegan,Leo Geoghegan,Ford Motor Co. of Australia
1963,27,Morris Cooper,Unknown,P. & R. Williams
1963,30,Morris Cooper,Unknown,Delore Motors (Newcastle)
1963,31,Simca Aronde,Unknown,Three Way Motors
1963,34,Morris Cooper,Unknown,Total Bexley Service Station
1963,35,Morris Cooper,Unknown,Howard and Sons Racing Team
1963,45,Humber Super Snipe,Unknown,Alex Strachan Motors
1963,60,Morris 850,Unknown,P & R Williams
1964,1,Spencer Martin,Bill Brown,Boyded Pty. Ltd.
1964,2,Ron Clarke,Brian Muir,Boyded Pty. Ltd.
1964,3,John Marchiori,Arnold Ahrenfeld,Clinton Motors Pty. Ltd.
1964,4,Tony Simmons,Mike Champion,Boyded Pty. Ltd.
1964,5,Jack Gates,Mike Nedelko,Apex Autos (Newcastle)
1964,6,John Connolly,Rex Emmett,R. Emmett
1964,7,Brian Milton,David Walker,Lennox Motors Pty. Ltd.
1964,8,Midge Bosworth,Peter Williamson,Peter Williamson Pty. Ltd.
1964,9,Peter Brown,Ray Gulson,P. Brown
1964,10,Lionel Ayers,Dennis Geary,Stradbroke Motors
1964,11,Bernie Haehnle,Neil McKay,Denlo Motors Pty. Ltd.
1964,12,Barry Ferguson,Bill Ford,Lanock Motors Ltd.
1964,13,Brian Reed,Lorraine Hill,Buckle Motors Pty. Ltd.
1964,14,Paul Bolton,John Schroder,Wal Truscott & Co. Pty. Ltd.
1964,15,George Forrest,Frank Hann,Kinsley Pty. Ltd.
1964,16,Matt Daddo,Keith Russell,Scuderia Octagon
1964,17,Holden EH S4,Unknown,H. Budd
1964,24,Doug Chivas,Unknown,Dennis Summers Conversions
1964,39,Bryan Thomson,Bruce Wilson,Ryan Equipment Coy.
1964,45,Lex Bailey,Bill Orr,W. G. Orr
1964,48,Ford Anglia,Unknown,Fairfield Motors Pty. Ltd.
1964,52,Peter Cray,Phil Barnes,Vaughan & Lane Pty. Ltd.
1964,53,Bill Stanley,Steve Harvey,White Nicholson BMC
1964,57,Eric Lane,Stan Pomroy,Vaughan & Lane Pty. Ltd.
1965,1,Barry Seton,Midge Bosworth,D
1965,2,Bruce McPhee,Barry Mulholland,D
1965,3,BMC Australia,Unknown,C
1965,4,Lindsay Little,Stan Pomroy,C
1965,5,Jack Murray,Unknown,D
1965,6,Paddy Hopkirk,Timo Mäkinen,C
1965,7,Bill Stanley,Ralph Sach,C
1965,8,Ray Kaleda,Graham Moore,C
1965,9,Greg Cusack,Bob Holden,C
1965,10,Max Stewart,Bob Young,D
1965,11,Barry Arentz,Geoff Russell,C
1965,12,Bill Ford,Des West,D
1965,13,Fred Sutherland,Allan Mottram,D
1965,14,Harry Firth,John Reaburn,A
1965,15,Bruce Maher,Ray Morris,A
1965,16,Graham Ward,Barry Collerson,D
1965,17,Glyn Scott,Max Volkers,B
1965,18,Brian Reed,Des Kelly,B
1965,19,John Hall,Herb Taylor,A
1965,20,Bill Buckle,Neil McKay,B
1965,21,Alton Boddenberg,Digby Cooke,C
1965,22,Don Smith,Bruce Stewart,C
1965,23,Brian Sampson,Ern Abbott,B
1965,24,Barry Ferguson,Charlie Smith,B
1965,25,Ken Harrison,Bruce Hodgson,A
1965,26,Gary Shoesmith,Tony Robards,A
1965,27,Warren Weldon,Bill Slattery,D
1965,28,Kevin Bartlett,Ron Haylen,A
1965,29,John Marchiori,Arnold Ahrenfeld,A
1965,30,Arthur Treloar,Colin Bond,B
1965,31,Morris Mini de Luxe,Unknown,A
1965,32,John Connolly,Rex Emmett,B
1965,33,Bill Daly,Ray Heffernan,A
1965,34,Peter Brown,Ray Gulson,D
1965,35,Steve Harvey,Laurie Stewart,A
1965,36,Peter Cray,Don Holland,B
1965,37,Bob Salter,Ken Wiggins,D
1965,38,Evan Thomas,Unknown,C
1965,39,George Forrest,Frank Hann,B
1965,40,Carl Kennedy,David Walker,D
1966,1,Rauno Aaltonen,Bob Holden,C
1966,2,Fred Gibson,Unknown,C
1966,3,Bruce McPhee,Barry Mulholland,C
1966,4,Morris Cooper S,Unknown,C
1966,5,Morris Cooper S,Unknown,C
1966,6,Harry Firth,Unknown,C
1966,7,John Leffler,Unknown,C
1966,8,BMC (Australia) Pty. Ltd.,Unknown,C
1966,9,Barry Seton,Unknown,C
1966,10,Chrysler VC Valiant V8 Automatic,Unknown,D
1966,11,Chrysler VC Valiant V8 Automatic,Unknown,D
1966,12,Morris Cooper,Unknown,B
1966,13,Australian Motor Industries Ltd.,Unknown,D
1966,14,Fiat 1500,Unknown,C
1966,15,Kevin Bartlett,John Harvey,D
1966,16,Australian Motor Industries Ltd.,Unknown,C
1966,17,Doug Chivas,Unknown,B
1966,18,Morris Cooper,Unknown,B
1966,19,Holden HD X2,Unknown,D
1966,20,Australian Motor Industries,Unknown,B
1966,21,George Reynolds,Unknown,B
1966,22,Kunimitsu Takahashi,Unknown,A
1966,23,John Roxburgh,Doug Whiteford,A
1966,24,Ford Cortina Mk.I 220,Unknown,A
1966,25,Hillman Minx Series 6,Unknown,B
1966,26,Datsun Bluebird 1300,Unknown,A
1966,27,Australian Motor Industries,Unknown,B
1966,28,Fiat 850,Unknown,A
1966,29,Morris Mini De Luxe,Unknown,A
1966,30,Colin Bond,Unknown,B
1966,31,Ford Cortina Mk.I 1200,Unknown,A
1966,32,Ford Cortina Mk.I 1200,Unknown,A
1966,33,Toyota Corona,Unknown,B
1966,34,Morris Mini De Luxe,Unknown,A
1966,35,Renault R8,Unknown,B
1966,36,Morris Cooper,Unknown,B
1966,37,Isuzu Bellett 1500,Unknown,B
1966,38,Studebaker Lark,Unknown,D
1966,39,Morris 850,Unknown,A
1966,40,Prince Skyline 1500,Unknown,B
1966,41,Ford Cortina Mk.I 1500,Unknown,B
1967,1,Ford Motor Company,Unknown,Ian Geoghegan
1967,2,Ford Motor Company,Unknown,Fred Gibson
1967,3,Alec Mildren Racing Pty. Ltd.,Unknown,Kevin Bartlett
1967,4,Alec Mildren Racing Pty. Ltd.,Unknown,Doug Chivas
1967,5,Ford Motor Company,Unknown,Bob Jane
1967,6,Paul Hawkins,Unknown,M.W. Motors Pty. Ltd
1967,7,Ford XR Falcon GT,Unknown,J. & B. Motors
1967,8,Ford XR Falcon GT,Unknown,M. Savva
1967,9,Ford XR Falcon GT,Unknown,Gregory's (Motors) Pty. Ltd.
1967,10,Studebaker Lark,Unknown,Needham's Motors Pty. Ltd.
1968,2,Holden HK Monaro GTS327,Unknown,Lorack Motors (Granville) Pty Ltd
1968,3,Holden Dealer Racing Team,Unknown,Paul Hawkins
1968,4,Ford Motor Company of Australia,Unknown,Ian Geoghegan
1968,5,Holden Dealer Racing Team,Unknown,Brian Muir
1968,6,Holden Dealer Racing Team,Unknown,Jim Palmer
1968,7,Ford Motor Company of Australia,Unknown,Spencer Martin
1968,8,Ford Motor Company of Australia,Unknown,Fred Gibson
1968,9,Tony Roberts,Unknown,AM Roberts
1968,10,Brian Foley,Unknown,Brian Foley Motors
1968,13,Bruce McPhee,Unknown,Wyong Motors Pty Ltd
1969,2,Holden HT Monaro GTS350,Unknown,Fair Deal Car Sales
1969,3,Bruce McPhee,Unknown,Kloster Pty Ltd
1969,4,Ford Australia,Unknown,Allan Moffat
1969,5,Ford Australia,Unknown,Fred Gibson
1969,6,David McKay,Unknown,Alto-Ford Pty Ltd
1969,7,Holden Dealer Team,Unknown,Colin Bond
1969,8,Holden Dealer Team,Unknown,Peter Macrow
1969,9,John Goss,Unknown,McLeod Ford
1969,10,Holden Dealer Team,Unknown,Des West
1969,59,Ford Australia,Unknown,Ian Geoghegan
1970,2,Ford Motor Co of Australia,Unknown,Bruce McPhee
1970,3,Ford Motor Co of Australia,Unknown,Fred Gibson
1970,4,Holden Dealer Team,Unknown,Colin Bond
1970,5,Holden LC Torana GTR XU-1,Unknown,Max Wright Motors Pty Ltd
1970,6,Holden Dealer Team,Unknown,Peter Brock
1970,7,Tony Roberts,Unknown,The Tony Roberts Team
1970,8,Ford XW Falcon GTHO Phase II,Unknown,Stillwell & Co Pty Ltd
1970,9,David McKay,Unknown,Finnie Ford Pty Ltd
1970,10,Ford XW Falcon GTHO Phase II,Unknown,Wright Ford Motors Pty Ltd
1970,64,Ford Motor Co of Australia,Unknown,Allan Moffat
1971,2,Ford Motor Co of Australia,Unknown,John French
1971,3,Road & Track Auto Services,Unknown,Fred Gibson
1971,4,David McKay,Unknown,Finnie Ford Pty Ltd
1971,5,Bill Brown,Unknown,FF Newell & Son
1971,6,Phil Barnes,Unknown,Byrt Ford Pty Ltd
1971,7,Trevor Meehan,Unknown,Trevor Thiele Ford Pty Ltd
1971,8,Leo Geoghegan,Unknown,Geoghegan's Sporty Cars
1971,9,Damon Beck,Unknown,Baldwin Ford Pty Ltd
1971,10,Bob Beasley,Unknown,Reg Papps & Sons
1971,65,Ford Motor Co of Australia,Unknown,Allan Moffat
1972,1,Ford Motor Company of Australia,Unknown,Allan Moffat
1972,2,John Goss,Unknown,McLeod Ford Pty. Ltd.
1972,3,John French,Unknown,Bryan Byrt Ford Pty. Ltd.
1972,4,Ford Motor Company of Australia,Unknown,Fred Gibson
1972,5,Holden Dealer Team,Unknown,Peter Brock
1972,6,Leo Geoghegan,Unknown,Geoghegan Sporty Cars
1972,7,Holden Dealer Team,Unknown,Colin Bond
1972,8,Holden LJ Torana GTR XU-1,Unknown,N. G. Booth Pty. Ltd.
1972,9,Doug Chivas,Unknown,D. Beck
1972,10,Ford XY Falcon GTHO Phase III,Unknown,Gold Power Automotive Australia Pty. Ltd.
1973,2,Holden Dealer Team,Unknown,Peter Brock
1973,3,Ford Motor Company Australia Ltd.,Unknown,Allan Moffat
1973,4,John French,Unknown,Bryan Byrt Ford Pty. Ltd.
1973,5,John Goss,Unknown,McLeod Ford Pty Ltd - Shell Racing
1973,6,Ron Hodgson Motors,Unknown,Bob Morris
1973,7,Ford Motor Company Australia Ltd.,Unknown,Fred Gibson
1973,8,Allan Grice,Unknown,Cessnock Motor Works Pty. Ltd.
1973,9,Bob Jane Racing,Unknown,Bob Jane
1973,10,Holden LJ Torana GTR XU-1,Unknown,Pacific Film Laboratories Pty. Ltd.
1974,1,Holden Dealer Team,Unknown,Peter Brock
1974,2,Holden Dealer Team,Unknown,Colin Bond
1974,3,John Goss,Unknown,McLeod Ford – 2UW
1974,4,Bob Jane Racing,Unknown,Bob Jane
1974,5,John Harvey,Unknown,Norman G Booth Pty Ltd
1974,6,Holden LH Torana SL/R 5000 L34,Unknown,Suttons Motors (Arncliffe) Pty Ltd
1974,7,Allan Grice,Unknown,WD & HO Wills (Aust) Ltd
1974,8,Jim Richards,Unknown,R Coppins
1974,9,Holden LJ Torana GTR XU-1,Unknown,Barry Nixon-Smith
1974,10,Ron Hodgson Motors,Unknown,Bob Morris
1975,2,Holden Dealer Team,Unknown,Colin Bond
1975,3,Peter Brock,Unknown,Gown - Hindhaugh
1975,4,Ron Hodgson Motors,Unknown,Bob Morris
1975,5,Bob Skelton,Unknown,Max Wright Motors Pty Ltd
1975,6,Allan Grice,Unknown,Craven Mild Racing
1975,7,Murray Carter,Unknown,M Carter
1975,8,Jim Richards,Unknown,R Coppins
1975,9,Bob Forbes Automotive,Unknown,Bob Forbes
1975,10,John Goss,Unknown,John Goss Racing Pty Ltd
1976,2,Peter Brock,Unknown,Team Brock
1976,3,Holden Dealer Team,Unknown,Colin Bond
1976,4,Ron Hodgson Motors,Unknown,Bob Morris
1976,5,John Goss,Unknown,John Goss Racing Pty Ltd
1976,6,Allan Grice,Unknown,Craven Mild Racing
1976,7,Holden Dealer Team,Unknown,Charlie O'Brien
1976,8,Frank Gardner,Unknown,Craven Mild Racing
1976,9,Moffat-Ford Dealer Team,Unknown,Allan Moffat
1976,10,Jack Brabham,Unknown,Esmonds Motors
1977,2,Moffat Ford Dealers,Unknown,Colin Bond
1977,3,Moffat Ford Dealers,Unknown,Allan Moffat
1977,4,Allan Grice,Unknown,Craven Mild Racing
1977,5,Bob Jane 2UW Racing,Unknown,Ian Geoghegan
1977,6,Jim Richards,Unknown,Melford Motors
1977,7,Ron Hodgson Motors,Unknown,Bob Morris
1977,8,Holden Dealer Team,Unknown,John Harvey
1977,9,Jack Brabham,Unknown,John Goss Racing Pty Limited
1977,10,Holden Dealer Team,Unknown,Charlie O'Brien
1977,25,Bill Patterson Racing,Unknown,Peter Brock
1978,2,Moffat Ford Dealers,Unknown,Colin Bond
1978,3,Moffat Ford Dealers,Unknown,Allan Moffat
1978,4,Ron Hodgson Channel 7 Racing,Unknown,Bob Morris
1978,5,Marlboro Holden Dealer Team,Unknown,Peter Brock
1978,6,Bryan Byrt Ford,Unknown,Dick Johnson
1978,7,Allan Grice,Unknown,Craven Mild Racing
1978,8,Jack Brabham,Unknown,Jack Brabham Holdings Pty Ltd
1978,9,Garth Wigston,Unknown,Roadways / Gown-Hindhaugh
1978,10,Bryan Byrt Ford,Unknown,John French
1979,2,Ron Hodgson Racing,Unknown,Bob Morris
1979,3,Allan Grice,Unknown,Craven Mild Racing
1979,4,Allan Moffat Racing,Unknown,Allan Moffat
1979,5,Marlboro Holden Dealer Team,Unknown,Peter Brock
1979,6,Greater Pacific Finance Coy,Unknown,Garry Rogers
1979,7,Cadbury Schweppes,Unknown,Larry Perkins
1979,8,Gary Cooke,Unknown,Citizen Watches Aust. P/L
1979,9,Bryan Byrt Ford,Unknown,Dick Johnson
1979,10,Colin Bond,Unknown,Thompson Ford
1980,2,Palmer Tube Mills,Unknown,Dick Johnson
1980,3,Marlboro Holden Dealer Team,Unknown,Peter Brock
1980,4,Marlboro Holden Dealer Team,Unknown,John Harvey
1980,5,Allan Grice,Unknown,Craven Mild Racing
1980,6,Channel 7,Unknown,Channel 7 Breville Racing
1980,7,Charlie O'Brien,Unknown,Roadways Gown-Hindhaugh
1980,8,Larry Perkins,Unknown,Cadbury Schweppes Pty Ltd
1980,9,Nine Network Racing Team,Unknown,Kevin Bartlett
1980,10,Garry Rogers,Unknown,Greater Pacific Finance Coy
1981,2,Palmer Tube Mills,Unknown,Dick Johnson
1981,3,Marlboro Holden Dealer Team,Unknown,Peter Brock
1981,4,Bob Morris,Unknown,Bob Morris Motor Sport
1981,5,Peter Stuyvesant International Racing,Unknown,Allan Moffat
1981,6,Garry Rogers,Unknown,Soundwave Discos
1981,7,Cadbury Schweppes Racing,Unknown,Larry Perkins
1981,8,Marlboro Holden Dealer Team,Unknown,John Harvey
1981,9,Nine Network,Unknown,Nine Network Racing Team
1981,10,Roadways Racing,Unknown,Garth Wigston
1982,2,Marlboro Holden Dealer Team,Unknown,Peter Brock
1982,3,Masahiro Hasemi,Unknown,Nissan
1982,4,Allan Grice,Unknown,Re-Car Racing
1982,5,Garry Rogers,Unknown,Re-Car Racing
1982,6,Seiko Watches,Unknown,Bob Morris
1982,7,Palmer Tube Mills,Unknown,Dick Johnson
1982,8,Peter Stuyvesant International Racing,Unknown,Allan Moffat
1982,9,Marlboro Holden Dealer Team,Unknown,John Harvey
1982,10,George Fury,Unknown,Nissan
1983,2,George Fury,Unknown,Nissan
1983,3,Cadbury-Schweppes Pty. Ltd.,Unknown,David Parsons
1983,4,JPS Team BMW,Unknown,Jim Richards
1983,5,Marlboro Holden Dealer Team,Unknown,Peter Brock
1983,6,Warren Cullen,Unknown,Cullen Automotive Industries
1983,7,Soundwave Discos,Unknown,Garry Rogers
1983,8,Roadways Racing,Unknown,STP Roadways Racing
1983,9,Bob Morris,Unknown,John Sands Racing
1983,10,Palmer Tube Mills,Unknown,Dick Johnson
1984,2,Marlboro Holden Dealer Team,Unknown,Peter Brock
1984,3,Palmer Tube Mills,Unknown,Dick Johnson
1984,4,Roadways Racing,Unknown,Allan Grice
1984,5,Peter Stuyvesant International Racing,Unknown,Allan Moffat
1984,6,JPS Team BMW,Unknown,Jim Richards
1984,7,Steve Masterton,Unknown,Masterton Homes Pty. Ltd.
1984,8,Peter Stuyvesant International Racing,Unknown,Gregg Hansford
1984,9,Bob Morris,Unknown,Chequered Flag Magazine
1984,10,John Goss Racing Pty. Ltd.,Unknown,Tom Walkinshaw
1984,15,George Fury,Unknown,Nissan
1985,2,JRA Ltd,Jaguar Racing,JRA Ltd / Jaguar Racing
1985,3,Palmer Tube Mills,Unknown,Dick Johnson
1985,4,Roadways Racing,Unknown,Roadways Racing Services
1985,5,Mark Petch Motorsport,Unknown,Robbie Francevic
1985,6,JRA Ltd,Jaguar Racing,JRA Ltd / Jaguar Racing
1985,7,JPS Team BMW,Unknown,Jim Richards
1985,8,JRA Ltd,Jaguar Racing,JRA Ltd / Jaguar Racing
1985,9,Goold Motorsport,Unknown,Roberto Ravaglia
1985,10,Mobil Holden Dealer Team,Unknown,David Parsons
1985,11,Mobil Holden Dealer Team,Unknown,Peter Brock
1986,2,Roadways Racing,Unknown,Allan Grice
1986,3,Peter Jackson Nissan Racing,Unknown,George Fury
1986,4,Enzed Team Perkins,Unknown,Larry Perkins
1986,5,Volvo Dealer Team,Unknown,John Bowe
1986,6,Palmer Tube Mills,Unknown,Dick Johnson
1986,7,Bob Jane T-Marts,Unknown,Graeme Crosby
1986,8,JPS Team BMW,Unknown,Jim Richards
1986,9,Goold Motorsport,Unknown,Roberto Ravaglia
1986,10,Mitsubishi Ralliart,Unknown,Brad Jones
1986,15,Peter Jackson Nissan Racing,Unknown,Gary Scott
1988,1,Allan Moffat Enterprises,Unknown,Klaus Niedzwiedz
1988,2,Benson & Hedges Racing,Unknown,Tony Longhurst
1988,3,Shell Ultra Hi Racing,Unknown,John Bowe
1988,4,Shell Ultra Hi Racing,Unknown,Dick Johnson
1988,5,Miedecke Motorsport,Unknown,Andrew Miedecke
1988,6,Caltex CXT Racing Team,Unknown,Colin Bond
1988,7,Andrew Bagnall,Unknown,Pierre Dieudonné
1988,8,Ford Sierra RS500,Unknown,Team CMS Sweden
1988,9,Holden Special Vehicles,Unknown,Larry Perkins
1988,10,Peter Jackson Nissan Racing,Unknown,George Fury
1988,11,ICL Racing,Unknown,Allan Grice
1988,12,Mobil 1 Racing,Unknown,Peter Brock
1989,2,Shell Ultra Hi Racing,Unknown,Dick Johnson
1989,3,Benson & Hedges Racing,Unknown,Tony Longhurst
1989,4,Allan Moffat Racing,Unknown,Klaus Niedzwiedz
1989,5,Mobil 1 Racing,Unknown,Peter Brock
1989,6,Miedecke Motorsport,Unknown,Andrew Miedecke
1989,7,Nissan Motorsport Australia,Unknown,Jim Richards
1989,8,Peter Jackson Racing,Unknown,Glenn Seton
1989,9,Benson & Hedges Racing,Unknown,Alan Jones
1989,10,Miedecke Motorsport,Unknown,Andrew Bagnall
1990,2,Shell Ultra Hi Racing,Unknown,Dick Johnson
1990,3,Mobil 1 Racing,Unknown,Peter Brock
1990,4,Peter Jackson Racing,Unknown,Glenn Seton
1990,5,Benson & Hedges Racing,Unknown,Tony Longhurst
1990,6,Holden Racing Team,Unknown,Allan Grice
1990,7,Perkins Engineering,Unknown,Larry Perkins
1990,8,Allan Moffat Enterprises,Unknown,Gregg Hansford
1990,9,Mark Petch Motorsport,Unknown,Gianfranco Brancatelli
1990,10,Allan Moffat Enterprises,Unknown,Klaus Niedzwiedz
1991,1,Nissan Motorsport Australia,Unknown,Mark Skaife
1991,2,GIO Racing,Unknown,Mark Gibbs
1991,3,Peter Jackson Racing,Unknown,Glenn Seton
1991,4,Shell Ultra Hi Racing,Unknown,John Bowe
1991,5,Shell Ultra Hi Racing,Unknown,Dick Johnson
1991,6,Mobil 1 Racing,Unknown,Peter Brock
1991,7,Nissan Motorsport Australia,Unknown,Drew Price
1991,8,Mobil 1 Racing,Unknown,Larry Perkins
1991,9,Peter Jackson Racing,Unknown,David Parsons
1991,10,Holden Racing Team,Unknown,Win Percy
1992,2,Bob Jane T-Marts Perkins Racing,Unknown,Larry Perkins
1992,3,Winfield Team Nissan,Unknown,Mark Skaife
1992,4,Peter Jackson Racing,Unknown,Glenn Seton
1992,5,Holden Racing Team,Unknown,Tomas Mezera
1992,6,GIO Racing,Unknown,Mark Gibbs
1992,7,Holden Racing Team,Unknown,Allan Grice
1992,8,Mobil 1 Racing,Unknown,Peter Brock
1992,9,Benson & Hedges Racing,Unknown,Tony Longhurst
1992,10,Allan Moffat Enterprises,Unknown,Klaus Niedzwiedz
1992,17,Shell Ultra-High Racing,Unknown,Dick Johnson
1993,2,Winfield Racing Team,Unknown,Mark Skaife
1993,3,Holden Racing Team,Unknown,Tomas Mezera
1993,4,Wayne Gardner,Unknown,Holden Racing Team
1993,5,Shell Racing,Unknown,Dick Johnson
1993,6,Peter Jackson Racing,Unknown,Glenn Seton
1993,7,Mobil 1 Racing,Unknown,Peter Brock
1993,8,David Brabham,Unknown,Winfield Racing Team
1993,9,Paul Radisich,Unknown,Shell Racing
1993,10,GIO Racing,Unknown,Neil Crompton
1993,11,Castrol Perkins Racing,Unknown,Larry Perkins
1994,1,Peter Jackson Racing,Unknown,Glenn Seton
1994,2,Holden Racing Team,Unknown,Peter Brock
1994,3,Winfield Racing,Unknown,Mark Skaife
1994,4,Benson & Hedges Racing,Unknown,Tony Longhurst
1994,5,Coca-Cola Racing,Unknown,Wayne Gardner
1994,6,Alan Jones,Unknown,Peter Jackson Racing
1994,7,Shell-FAI Racing,Unknown,Allan Grice
1994,8,Castrol Perkins Racing,Unknown,Larry Perkins
1994,9,Brad Jones,Unknown,Holden Racing Team
1994,10,Dick Johnson,Unknown,Shell-FAI Racing
1995,2,Winfield Racing,Unknown,Mark Skaife
1995,3,Castrol Perkins Racing,Unknown,Larry Perkins
1995,4,Coca-Cola Racing,Unknown,Wayne Gardner
1995,5,Peter Jackson Racing,Unknown,Glenn Seton
1995,6,Peter Jackson Racing,Unknown,Alan Jones
1995,7,Shell FAI Racing,Unknown,Steven Johnson
1995,8,Shell FAI Racing,Unknown,Dick Johnson
1995,9,Castrol Longhurst Ford,Unknown,Tony Longhurst
1995,10,Holden Racing Team,Unknown,Peter Brock
1995,15,Holden Racing Team,Unknown,Craig Lowndes
1996,2,Holden Racing Team,Unknown,Craig Lowndes
1996,3,Pack Leader Racing,Unknown,Alan Jones
1996,4,Holden Racing Team,Unknown,Peter Brock
1996,5,Coca-Cola Racing,Unknown,Wayne Gardner
1996,6,Betta Electrical / Fisher & Paykel,Unknown,John Faulkner
1996,7,Castrol Perkins Racing,Unknown,Larry Perkins
1996,8,Castrol Longhurst Ford,Unknown,Tony Longhurst
1996,9,Gibson Team Sega,Unknown,Mark Skaife
1996,10,Shell FAI Racing,Unknown,Dick Johnson
1996,30,Ford Credit Racing,Unknown,Glenn Seton
1997,2,BMW Motorsport Australia,Unknown,Paul Morris
1997,3,Tim Harvey,Unknown,Esso Ultron Team Peugeot
1997,4,Vauxhall Sport,Unknown,Derek Warwick
1997,5,Patrick Watts,Unknown,Esso Ultron Team Peugeot
1997,6,BMW Motorsport Australia,Unknown,Geoff Brabham
1997,7,Garry Rogers Valvoline Cummins,Unknown,Steven Richards
1997,8,ORIX Audi Sport Australia,Unknown,Brad Jones
1997,9,Vauxhall Sport,Unknown,John Cleland
1997,10,Williams Renault Dealer Racing,Unknown,Alan Jones
1998,1,Volvo S40 Racing,Unknown,Rickard Rydell
1998,2,Team Dynamics,Unknown,Steven Richards
1998,3,Volvo S40 Racing,Unknown,Tim Harvey
1998,4,Team Vectra,Unknown,Greg Murphy
1998,5,Team Vectra,Unknown,Derek Warwick
1998,6,Audi Sport Australia,Unknown,Paul Morris
1998,7,Audi Sport Australia,Unknown,Brad Jones
1998,8,Lee Brookes,Unknown,Brookes Motorsport
1998,9,Greenfield Mowers Racing,Unknown,Cameron McLean
1998,10,Peter Hills,Unknown,Knight Racing
1999,1,James Rosenberg Racing,Unknown,Mark Poole Tony Scott
1999,2,Wayne Gardner,David Brabham,Wayne Gardner David Brabham
1999,3,Ford Falcon EL,Unknown,Simon Emerzidis Garry Willmington
1999,4,Charlie Cox,Unknown,Charlie Cox Chris Smerdon
1999,5,Dean Canto,Unknown,Wayne Wakefield Dean Canto
1999,6,Damien White,Unknown,Damien White Rod Salmon
1999,8,Ford Falcon EL,Unknown,Alan Heath Mick Donaher
1999,9,Holden Commodore VS,Unknown,Neil Schembri Gary Quartly
1999,10,Nathan Pretty,Unknown,Nathan Pretty Andrew Fawcet
1999,11,Ford Falcon EL,Unknown,Craig Harris Tim Shaw
1999,12,Holden Commodore VS,Unknown,Terry Finnigan Darren Pate
1999,13,John Briggs,Unknown,John Briggs Tim Leahey
1999,14,Holden Commodore VS,Unknown,Mike Imrie Rodney Crick
1999,15,Ford Falcon AU,Unknown,Danny Osborne Brett Peters
1999,16,John Trimbole,Unknown,John Trimbole Kevin Heffernan
1999,17,Ford Falcon EL,Unknown,Garry Holt Bill Sieders
1999,18,Ford Falcon EL,Unknown,Mike Conway Ric Shaw
1999,19,Holden Commodore VS,Unknown,Daniel Miller Geoff Kendrick
1999,20,Holden Commodore VS,Unknown,Alan Taylor Bill Attard
1999,21,Holden Commodore VS,Unknown,Peter Field Shane Howison
1999,22,Holden Commodore VS,Unknown,Richard Mork Christian D'Agostin
1999,23,Briggs Motor Sport,Unknown,Bob Thorn Todd Wanless
1999,24,Ford Falcon EL,Unknown,Scott Fleming Mark Williams
1999,25,Holden Commodore VS,Unknown,D'Arcy Russell Grant Johnson
1999,71,Phil Ward,Unknown,Phil Ward Allan McCarthy
1999,81,Holden Commodore VP,Unknown,Tim Rowse Ron Barnacle
1999,98,Holden Commodore VS,Unknown,Barry Cassidy Neil Crowe
2000,1,Anthony Tratt,Alan Jones,Anthony Tratt Alan Jones
2000,2,Layton Crambrook,Gary Baxter,Layton Crambrook Gary Baxter
2000,3,Rod Nash,Paul Dumbrell,Rod Nash Paul Dumbrell
2000,4,Ross Halliday,Adam Wallis,Ross Halliday Adam Wallis
2000,5,Terry Wyhoon,James Brock,Terry Wyhoon James Brock
2000,6,Paul Romano,David Parsons,Paul Romano David Parsons
2000,7,Bill Sieders,Luke Sieders,Bill Sieders Luke Sieders
2000,8,Alan Heath,Terry Finnigan,Alan Heath Terry Finnigan
2000,9,Peter Field,Shane Howison,Peter Field Shane Howison
2000,10,Dean Lindstrom,Melinda Price,Dean Lindstrom Melinda Price
2000,11,Bill Attard,Roger Hurd,Bill Attard Roger Hurd
2000,12,Rod Salmon,Damien White,Rod Salmon Damien White
2000,13,Rodney Crick,Peter Gazzard,Rodney Crick Peter Gazzard
2000,14,Owen Kelly,Aaron McGill,Owen Kelly Aaron McGill
2000,15,Neil Schembri,Gary Quartly,Neil Schembri Gary Quartly
2000,16,Peter Doulman,John Cotter,Peter Doulman John Cotter
2000,17,Robert Russell,Steve Coulter,Robert Russell Steve Coulter
2000,57,Chris Butler,Miles Pope,Chris Butler Miles Pope
2001,1,Glenn Seton,Steven Richards,Glenn Seton Steven Richards
2001,2,Craig Lowndes,Neil Crompton,Craig Lowndes Neil Crompton
2001,3,Mark Skaife,Tony Longhurst,Mark Skaife Tony Longhurst
2001,4,Jason Bright,Tomas Mezera,Jason Bright Tomas Mezera
2001,5,John Bowe,Simon Wills,John Bowe Simon Wills
2001,6,Larry Perkins,Russell Ingall,Larry Perkins Russell Ingall
2001,7,Steven Ellery,Geoff Brabham,Steven Ellery Geoff Brabham
2001,8,Todd Kelly,Greg Murphy,Todd Kelly Greg Murphy
2001,9,Garth Tander,Jason Bargwanna,Garth Tander Jason Bargwanna
2001,10,Cameron McLean,Greg Ritter,Cameron McLean Greg Ritter
2001,11,Marcos Ambrose,Unknown,Marcos Ambrose Wayne Wakefield
2001,12,Steven Johnson,Paul Radisich,Steven Johnson Paul Radisich
2001,13,Jim Richards,Dean Canto,Jim Richards Dean Canto
2001,14,Paul Weel,Unknown,Paul Weel Tim Leahey
2001,15,Paul Morris,Ashley Stichbury,Paul Morris Ashley Stichbury
2001,16,David Besnard,Matthew White,David Besnard Matthew White
2001,17,John Faulkner,Unknown,John Faulkner Peter Doulman
2001,18,Mark Larkham,Wayne Gardner,Mark Larkham Wayne Gardner
2001,19,Nathan Pretty,Rick Kelly,Nathan Pretty Rick Kelly
2001,20,Jason Richards,Angus Fogg,Jason Richards Angus Fogg
2001,21,Cameron McConville,Rick Bates,Cameron McConville Rick Bates
2001,22,Brad Jones,John Cleland,Brad Jones John Cleland
2001,23,Andrew Miedecke,Unknown,Dugal McDougall Andrew Miedecke
2001,24,Adam Macrow,Luke Youlden,Adam Macrow Luke Youlden
2001,25,Anthony Tratt,Alan Jones,Anthony Tratt Alan Jones
2001,26,Leanne Ferrier,Paul Dumbrell,Leanne Ferrier Paul Dumbrell
2001,27,Mark Noske,Craig Baird,Mark Noske Craig Baird
2001,28,Rod Nash,Tony Ricciardello,Rod Nash Tony Ricciardello
2001,29,Paul Romano,Owen Kelly,Paul Romano Owen Kelly
2001,30,Rodney Forbes,David Parsons,Rodney Forbes David Parsons
2001,31,Steve Reed,Trevor Ashby,Steve Reed Trevor Ashby
2001,32,Ford Falcon (AU),Unknown,Ross Halliday Greg Crick
2001,33,Ford Falcon (AU),Unknown,Terry Wyhoon Rod Salmon
2001,34,Phillip Scifleet,Unknown,Phillip Scifleet Christian D'Agostin
2001,35,Ford Falcon (AU),Unknown,Craig Harris Michael Simpson
2001,36,Ford Falcon (AU),Unknown,Alan Heath Dale Brede
2001,37,James Brock,Steve Owen,James Brock Steve Owen
2001,38,Ford Falcon (EL),Unknown,Garry Holt Kevin Mundy
2001,39,Holden Commodore (VS),Unknown,Ric Shaw Mike Conway
2001,40,Holden Commodore (VS),Unknown,Bill Attard Roger Hurd
2001,50,Holden Commodore (VX),Unknown,Mick Donaher Layton Crambrook
2002,1,John Bowe,Brad Jones,John Bowe Brad Jones
2002,2,Mark Skaife,Jim Richards,Mark Skaife Jim Richards
2002,3,Jason Bright,Tomas Mezera,Jason Bright Tomas Mezera
2002,4,Steven Richards,Russell Ingall,Steven Richards Russell Ingall
2002,5,Craig Lowndes,Neil Crompton,Craig Lowndes Neil Crompton
2002,6,Max Wilson,Dean Canto,Max Wilson Dean Canto
2002,7,Steven Ellery,Luke Youlden,Steven Ellery Luke Youlden
2002,8,Garth Tander,Jason Bargwanna,Garth Tander Jason Bargwanna
2002,9,Larry Perkins,Paul Dumbrell,Larry Perkins Paul Dumbrell
2002,10,Greg Murphy,Todd Kelly,Greg Murphy Todd Kelly
2002,11,Marcos Ambrose,Paul Weel,Marcos Ambrose Paul Weel
2002,12,Glenn Seton,Owen Kelly,Glenn Seton Owen Kelly
2002,13,Rick Kelly,Nathan Pretty,Rick Kelly Nathan Pretty
2002,14,Paul Morris,Wayne Wakefield,Paul Morris Wayne Wakefield
2002,15,Greg Ritter,Alan Jones,Greg Ritter Alan Jones
2002,16,Mark Larkham,Will Power,Mark Larkham Will Power
2002,17,John Cleland,Tim Leahey,John Cleland Tim Leahey
2002,18,Yvan Muller,Andy Priaulx,Yvan Muller Andy Priaulx
2002,19,Cameron McLean,Tony Scott,Cameron McLean Tony Scott
2002,20,Cameron McConville,Warren Luff,Cameron McConville Warren Luff
2002,21,Tony Longhurst,Matthew White,Tony Longhurst Matthew White
2002,22,Steven Johnson,Paul Radisich,Steven Johnson Paul Radisich
2002,23,Steve Owen,Dale Brede,Steve Owen Dale Brede
2002,24,Greg Crick,Phillip Scifleet,Greg Crick Phillip Scifleet
2002,25,John Faulkner,Rick Bates,John Faulkner Rick Bates
2002,26,Peter Brock,Craig Baird,Peter Brock Craig Baird
2002,27,Mark Porter,Geoff Full,Mark Porter Geoff Full
2002,28,Jamie Whincup,Mark Noske,Jamie Whincup Mark Noske
2002,29,Rodney Forbes,Neal Bates,Rodney Forbes Neal Bates
2002,30,Dugal McDougall,Alan Gurr,Dugal McDougall Alan Gurr
2002,31,Andrew Jones,Matthew Coleman,Andrew Jones Matthew Coleman
2002,32,Daryl Beattie,Tyler Mecklem,Daryl Beattie Tyler Mecklem
2002,33,Anthony Tratt,Paul Stokell,Anthony Tratt Paul Stokell
2002,34,Michael Simpson,Kevin Mundy,Michael Simpson Kevin Mundy
2002,35,Christian D'Agostin,David Krause,Christian D'Agostin David Krause
2002,36,Peter Doulman,Bob McDonald,Peter Doulman Bob McDonald
2002,37,Allan Grice,Ross Halliday,Allan Grice Ross Halliday
2002,59,Jamie Miller,Ron Searle,Jamie Miller Ron Searle
2003,1,Greg Murphy,Unknown,K-Mart Racing Team
2003,2,Mark Skaife,Unknown,Holden Racing Team
2003,3,John Bowe,Unknown,Brad Jones Racing
2003,4,Marcos Ambrose,Unknown,Stone Brothers Racing
2003,5,Garth Tander,Unknown,Garry Rogers Motorsport
2003,6,Steven Richards,Unknown,Perkins Engineering
2003,7,Craig Lowndes,Unknown,Ford Performance Racing
2003,8,Jim Richards,Unknown,Holden Racing Team
2003,9,Paul Radisich,Unknown,Triple Eight Race Engineering
2003,10,Steven Johnson,Unknown,Dick Johnson Racing
2003,11,Steven Ellery,Unknown,Steven Ellery Racing
2003,12,Greg Ritter,Unknown,Paul Weel Racing
2003,13,Paul Morris,Unknown,Paul Morris Motorsport
2003,14,Max Wilson,Unknown,Dick Johnson Racing
2003,15,Jason Bright,Unknown,Paul Weel Racing
2003,16,Paul Dumbrell,Unknown,Perkins Engineering
2003,17,Dean Canto,Unknown,Triple Eight Race Engineering
2003,18,Mark Winterbottom,Unknown,Stone Brothers Racing
2003,19,John Cleland,Unknown,Brad Jones Racing
2003,20,Simon Wills,Unknown,Team Dynamik
2003,21,Jason Bargwanna,Unknown,Larkham Motor Sport
2003,22,David Besnard,Unknown,Ford Performance Racing
2003,23,Steve Owen,Unknown,Robert Smith Racing
2003,24,Cameron McLean,Unknown,K-Mart Racing Team
2003,25,Adam Macrow,Unknown,Ford Performance Racing
2003,26,Craig Baird,Unknown,Team Kiwi Racing
2003,27,Nicolas Minassian,Unknown,Team Dynamik
2003,28,Cameron McConville,Unknown,Lansvale Smash Repairs
2003,29,Neal Bates,Unknown,Noske Motorsport
2003,30,Anthony Tratt,Unknown,Paul Little Racing
2003,31,Alan Gurr,Unknown,Robert Smith Racing
2003,32,Nathan Pretty,Unknown,Garry Rogers Motorsport
2003,33,Larkham Motor Sport,Unknown,Grant Johnson
2003,34,Holden Young Lions,Unknown,Dale Brede
2003,35,José Fernández,Unknown,Fernández Racing
2003,36,Phoenix Motorsport,Unknown,Ron Searle
2003,37,Sydney Star Motorsport,Unknown,Mal Rose
2003,38,Peter Doulman,Unknown,Doulman Automotive
2003,39,Thexton Motor Racing,Unknown,David Thexton
2004,1,Greg Murphy,Unknown,Kmart Racing
2004,2,Jason Bright,Unknown,Paul Weel Racing
2004,3,Steven Richards,Unknown,Perkins Engineering
2004,4,Craig Lowndes,Unknown,Ford Performance Racing
2004,5,Russell Ingall,Unknown,Stone Brothers Racing
2004,6,Paul Morris,Unknown,Paul Morris Motorsport
2004,7,Jason Bargwanna,Unknown,Larkham Motor Sport
2004,8,John Bowe,Unknown,Brad Jones Racing
2004,9,Paul Dumbrell,Unknown,Perkins Engineering
2004,10,Marcos Ambrose,Unknown,Stone Brothers Racing
2004,11,Garth Tander,Unknown,Garry Rogers Motorsport
2004,12,Steve Owen,Unknown,Kmart Racing Team
2004,13,Steven Johnson,Unknown,Dick Johnson Racing
2004,14,Steven Ellery,Unknown,Steven Ellery Racing
2004,15,Andrew Jones,Unknown,Brad Jones Racing
2004,16,Jason Richards,Unknown,Tasman Motorsport
2004,17,Dean Canto,Unknown,Triple Eight Race Engineering
2004,18,Mark Skaife,Unknown,Holden Racing Team
2004,19,Simon Wills,Unknown,Team Dynamik
2004,20,Matthew White,Unknown,Paul Weel Racing
2004,21,David Besnard,Unknown,WPS Racing
2004,22,Max Wilson,Unknown,Triple Eight Race Engineering
2004,23,Craig Baird,Unknown,Team Kiwi Racing
2004,24,Owen Kelly,Unknown,Dick Johnson Racing
2004,25,Will Davison,Unknown,Team Dynamik
2004,26,Peter Brock,Unknown,Holden Racing Team
2004,27,Anthony Tratt,Unknown,Paul Little Racing
2004,28,Mark Larkham,Unknown,Larkham Motor Sport
2004,29,Alex Davison,Unknown,Perkins Engineering
2004,30,Allan Simonsen,Unknown,Garry Rogers Motorsport
2004,31,Mark Noske,Unknown,Robert Smith Racing
2004,32,Alex Yoong,Unknown,WPS Racing
2004,33,Garth Walden,Unknown,Walden Motorsport
2004,34,John Faulkner Racing,Unknown,Christian D'Agostin
2005,1,Craig Lowndes,Unknown,Triple Eight Race Engineering
2005,2,Mark Skaife,Unknown,Holden Racing Team
2005,3,Marcos Ambrose,Unknown,Stone Brothers Racing
2005,4,Garth Tander,Unknown,HSV Dealer Team
2005,5,Greg Murphy,Unknown,Paul Weel Racing
2005,6,Steven Richards,Unknown,Perkins Engineering
2005,7,Jason Richards,Unknown,Tasman Motorsport
2005,8,Russell Ingall,Unknown,Stone Brothers Racing
2005,9,Glenn Seton,Unknown,Dick Johnson Racing
2005,10,Jim Richards,Unknown,Holden Racing Team
2005,11,Cameron McConville,Unknown,Garry Rogers Motorsport
2005,12,Jason Bright,Unknown,Ford Performance Racing
2005,13,Greg Ritter,Unknown,Ford Performance Racing
2005,14,Steve Owen,Unknown,Britek Motorsport
2005,15,Steven Johnson,Unknown,Dick Johnson Racing
2005,16,Steven Ellery,Unknown,Triple Eight Race Engineering
2005,17,Jason Bargwanna,Unknown,Larkham Motor Sport
2005,18,Max Wilson,Unknown,Team Dynamik
2005,19,David Besnard,Unknown,WPS Racing
2005,20,Paul Morris,Unknown,Paul Morris Motorsport
2005,21,Mark Noske,Unknown,HSV Dealer Team
2005,22,Alain Menu,Unknown,Larkham Motor Sport
2005,23,Alex Davison,Unknown,Perkins Engineering
2005,24,Anthony Tratt,Unknown,Paul Little Racing
2005,25,Tony D'Alberto,Unknown,Tasman Motorsport
2005,26,John Bowe,Unknown,Brad Jones Racing
2005,27,Alan Gurr,Unknown,Team Kiwi Racing
2005,28,Lee Holdsworth,Unknown,Garry Rogers Motorsport
2005,29,John Cleland,Unknown,Brad Jones Racing
2005,30,Mark Porter,Unknown,Team Dynamik
2005,31,Christian D'Agostin,Unknown,Perkins Engineering
2005,32,José Fernández,Unknown,Britek Motorsport
2005,33,Owen Kelly,Unknown,Paul Weel Racing
2006,1,Mark Skaife,Unknown,Holden Racing Team
2006,2,Jason Bright,Unknown,Ford Performance Racing
2006,3,Rick Kelly,Unknown,HSV Dealer Team
2006,4,Jason Richards,Unknown,Tasman Motorsport
2006,5,Greg Murphy,Unknown,Paul Weel Racing
2006,6,Russell Ingall,Unknown,Stone Brothers Racing
2006,7,Craig Lowndes,Unknown,Triple Eight Race Engineering
2006,8,Steven Richards,Unknown,Perkins Engineering
2006,9,Dean Canto,Unknown,Garry Rogers Motorsport
2006,10,Steven Johnson,Unknown,Dick Johnson Racing
2006,11,James Courtney,Unknown,Stone Brothers Racing
2006,12,Jim Richards,Unknown,Holden Racing Team
2006,13,Alex Davison,Unknown,Dick Johnson Racing
2006,14,David Brabham,Unknown,Ford Performance Racing
2006,15,Paul Morris,Unknown,Paul Morris Motorsport
2006,16,Greg Ritter,Unknown,Garry Rogers Motorsport
2006,17,Jason Bargwanna,Unknown,WPS Racing
2006,18,John Bowe,Unknown,Brad Jones Racing
2006,19,Steve Owen,Unknown,Rod Nash Racing
2006,20,Allan Simonsen,Unknown,Triple Eight Race Engineering
2006,21,Warren Luff,Unknown,Britek Motorsport
2006,22,Max Wilson,Unknown,WPS Racing
2006,23,Paul Radisich,Unknown,Team Kiwi Racing
2006,24,Owen Kelly,Unknown,Tasman Motorsport
2006,25,Dale Brede,Unknown,Brad Jones Racing
2006,26,Tony D'Alberto,Unknown,HSV Dealer Team
2006,27,Shane Price,Unknown,Perkins Engineering
2006,28,Marcus Marshall,Unknown,Paul Cruickshank Racing
2006,29,José Fernández,Unknown,Britek Motorsport
2006,39,Alan Gurr,Unknown,Paul Morris Motorsport
2006,50,Nathan Pretty,Unknown,Paul Weel Racing
2007,2,Mark Skaife,Unknown,Holden Racing Team
2007,3,Garth Tander,Unknown,Toll HSV Dealer Team
2007,4,Steven Johnson,Unknown,Jim Beam Racing
2007,5,Lee Holdsworth,Unknown,Garry Rogers Motorsport
2007,6,Mark Winterbottom,Unknown,Ford Performance Racing
2007,7,Greg Murphy,Unknown,Tasman Motorsport
2007,8,James Courtney,Unknown,Jeld-Wen Racing
2007,9,Paul Radisich,Unknown,Toll HSV Dealer Team
2007,10,Russell Ingall,Unknown,Caltex Havoline Racing
2008,1,Garth Tander,Unknown,Holden VE Commodore
2008,2,Mark Winterbottom,Unknown,Ford BF Falcon
2008,3,James Courtney,Unknown,Ford BF Falcon
2008,4,Paul Dumbrell,Unknown,Holden VE Commodore
2008,5,Jamie Whincup,Unknown,Ford BF Falcon
2008,6,Jason Richards,Unknown,Holden VE Commodore
2008,7,Will Davison,Unknown,Ford BF Falcon
2008,8,Russell Ingall,Unknown,Holden VE Commodore
2008,9,Fabian Coulthard,Unknown,Ford BF Falcon
2008,10,Max Wilson,Unknown,Holden VE Commodore
2009,2,Garth Tander,Unknown,Holden Racing Team
2009,3,Mark Winterbottom,Unknown,Ford Performance Racing
2009,4,Lee Holdsworth,Unknown,Garry Rogers Motorsport
2009,5,Jason Richards,Unknown,Brad Jones Racing
2009,6,Shane van Gisbergen,Unknown,Stone Brothers Racing
2009,7,Todd Kelly,Unknown,Kelly Racing
2009,8,Paul Dumbrell,Unknown,Holden Racing Team
2009,9,Russell Ingall,Unknown,Paul Morris Motorsport
2009,51,Greg Murphy,Unknown,Tasman Motorsport
2010,1,Jamie Whincup,Steve Owen,Jamie Whincup Steve Owen
2010,2,Garth Tander,Cameron McConville,Garth Tander Cameron McConville
2010,3,Tony D'Alberto,Shane Price,Tony D'Alberto Shane Price
2010,4,Alex Davison,David Brabham,Alex Davison David Brabham
2010,5,Mark Winterbottom,Luke Youlden,Mark Winterbottom Luke Youlden
2010,6,Steven Richards,James Moffat,Steven Richards James Moffat
2010,7,Todd Kelly,Dale Wood,Todd Kelly Dale Wood
2010,8,Jason Richards,Andrew Jones,Jason Richards Andrew Jones
2010,9,Shane van Gisbergen,John McIntyre,Shane van Gisbergen John McIntyre
2010,10,Andrew Thompson,Ryan Briscoe,Andrew Thompson Ryan Briscoe
2010,11,Jason Bargwanna,Glenn Seton,Jason Bargwanna Glenn Seton
2010,12,Dean Fiore,Michael Patrizi,Dean Fiore Michael Patrizi
2010,14,Jason Bright,Matthew Halliday,Jason Bright Matthew Halliday
2010,15,Rick Kelly,Owen Kelly,Rick Kelly Owen Kelly
2010,16,Tony Ricciardello,Taz Douglas,Tony Ricciardello Taz Douglas
2010,17,Steven Johnson,Marcus Marshall,Steven Johnson Marcus Marshall
2011,1,James Courtney,Cameron McConville,James Courtney Cameron McConville
2011,2,Garth Tander,Nick Percat,Garth Tander Nick Percat
2011,3,Tony D'Alberto,Dale Wood,Tony D'Alberto Dale Wood
2011,4,Alex Davison,David Brabham,Alex Davison David Brabham
2011,5,Mark Winterbottom,Steven Richards,Mark Winterbottom Steven Richards
2011,6,Will Davison,Luke Youlden,Will Davison Luke Youlden
2011,7,Todd Kelly,David Russell,Todd Kelly David Russell
2011,8,Jason Bright,Andrew Jones,Jason Bright Andrew Jones
2011,9,Shane van Gisbergen,John McIntyre,Shane van Gisbergen John McIntyre
2011,11,Greg Murphy,Allan Simonsen,Greg Murphy Allan Simonsen
2011,12,Dean Fiore,Michael Patrizi,Dean Fiore Michael Patrizi
2011,14,Jason Bargwanna,Shane Price,Jason Bargwanna Shane Price
2011,15,Rick Kelly,Owen Kelly,Rick Kelly Owen Kelly
2011,16,David Reynolds,Tim Blanchard,David Reynolds Tim Blanchard
2011,17,Steven Johnson,David Besnard,Steven Johnson David Besnard
2012,1,Jamie Whincup,Paul Dumbrell,Jamie Whincup Paul Dumbrell
2012,2,Garth Tander,Nick Percat,Garth Tander Nick Percat
2012,3,Tony D'Alberto,Dale Wood,Tony D'Alberto Dale Wood
2012,4,Lee Holdsworth,Craig Baird,Lee Holdsworth Craig Baird
2012,5,Mark Winterbottom,Steven Richards,Mark Winterbottom Steven Richards
2012,6,Will Davison,John McIntyre,Will Davison John McIntyre
2012,7,Todd Kelly,Tim Blanchard,Todd Kelly Tim Blanchard
2012,8,Jason Bright,Andrew Jones,Jason Bright Andrew Jones
2012,9,Shane van Gisbergen,Luke Youlden,Shane van Gisbergen Luke Youlden
2012,11,Karl Reindler,Daniel Gaunt,Karl Reindler Daniel Gaunt
2012,12,Dean Fiore,Matt Halliday,Dean Fiore Matt Halliday
2012,14,Fabian Coulthard,David Besnard,Fabian Coulthard David Besnard
2012,15,Rick Kelly,David Russell,Rick Kelly David Russell
2012,17,James Moffat,Alex Davison,James Moffat Alex Davison
2012,18,Steven Johnson,Allan Simonsen,Steven Johnson Allan Simonsen
2013,1,Jamie Whincup,Paul Dumbrell,Jamie Whincup Paul Dumbrell
2013,2,Mark Winterbottom,Steven Richards,Mark Winterbottom Steven Richards
2013,3,Jason Bright,Andrew Jones,Jason Bright Andrew Jones
2013,4,James Courtney,Greg Murphy,James Courtney Greg Murphy
2013,5,Shane van Gisbergen,Jeroen Bleekemolen,Shane van Gisbergen Jeroen Bleekemolen
2013,6,Craig Lowndes,Warren Luff,Craig Lowndes Warren Luff
2013,7,Will Davison,Steve Owen,Will Davison Steve Owen
2013,8,David Reynolds,Dean Canto,David Reynolds Dean Canto
2013,9,Scott McLaughlin,Jack Perkins,Scott McLaughlin Jack Perkins
2013,10,Alexandre Prémat,Greg Ritter,Alexandre Prémat Greg Ritter
2013,11,Garth Tander,Nick Percat,Garth Tander Nick Percat
2013,12,Lee Holdsworth,Craig Baird,Lee Holdsworth Craig Baird
2013,13,David Wall,Chris Pither,David Wall Chris Pither
2013,14,Fabian Coulthard,Luke Youlden,Fabian Coulthard Luke Youlden
2013,15,Tony D'Alberto,Jonny Reid,Tony D'Alberto Jonny Reid
2013,16,Steven Johnson,Maro Engel,Steven Johnson Maro Engel
2013,17,Michael Caruso,Daniel Gaunt,Michael Caruso Daniel Gaunt
2013,18,Mattias Ekström,Andy Priaulx,Mattias Ekström Andy Priaulx
2013,19,James Moffat,Taz Douglas,James Moffat Taz Douglas
2013,20,Jonathon Webb,Marc Lieb,Jonathon Webb Marc Lieb
2013,21,Tim Blanchard,Ashley Walsh,Tim Blanchard Ashley Walsh
2013,22,Scott Pye,Paul Morris,Scott Pye Paul Morris
2013,23,Todd Kelly,David Russell,Todd Kelly David Russell
2013,24,Rick Kelly,Karl Reindler,Rick Kelly Karl Reindler
2013,25,Russell Ingall,Ryan Briscoe,Russell Ingall Ryan Briscoe
2013,26,Alex Davison,John McIntyre,Alex Davison John McIntyre
2013,27,Dean Fiore,Matt Halliday,Dean Fiore Matt Halliday
2013,47,Tim Slade,Andrew Thompson,Tim Slade Andrew Thompson
2014,1,Fabian Coulthard,Luke Youlden,Fabian Coulthard Luke Youlden
2014,2,Shane van Gisbergen,Jonathon Webb,Shane van Gisbergen Jonathon Webb
2014,3,Dale Wood,Chris Pither,Dale Wood Chris Pither
2014,4,Mark Winterbottom,Steve Owen,Mark Winterbottom Steve Owen
2014,5,Scott McLaughlin,Alexandre Prémat,Scott McLaughlin Alexandre Prémat
2014,6,Jason Bright,Andrew Jones,Jason Bright Andrew Jones
2014,7,Jack Perkins,Cam Waters,Jack Perkins Cam Waters
2014,8,James Moffat,Taz Douglas,James Moffat Taz Douglas
2014,9,Garth Tander,Warren Luff,Garth Tander Warren Luff
2014,10,Craig Lowndes,Steven Richards,Craig Lowndes Steven Richards
2014,11,James Courtney,Greg Murphy,James Courtney Greg Murphy
2014,12,Nick Percat,Oliver Gavin,Nick Percat Oliver Gavin
2014,13,Todd Kelly,Alex Buncombe,Todd Kelly Alex Buncombe
2014,14,Michael Caruso,Dean Fiore,Michael Caruso Dean Fiore
2014,15,Rick Kelly,David Russell,Rick Kelly David Russell
2014,16,Scott Pye,Ashley Walsh,Scott Pye Ashley Walsh
2014,17,Will Davison,Alex Davison,Will Davison Alex Davison
2014,18,Lee Holdsworth,Craig Baird,Lee Holdsworth Craig Baird
2014,19,Russell Ingall,Tim Blanchard,Russell Ingall Tim Blanchard
2014,20,Tim Slade,Tony D'Alberto,Tim Slade Tony D'Alberto
2014,21,Robert Dahlgren,Greg Ritter,Robert Dahlgren Greg Ritter
2014,22,David Wall,Steven Johnson,David Wall Steven Johnson
2014,23,Ant Pedersen,Andre Heimgartner,Ant Pedersen Andre Heimgartner
2014,24,Jamie Whincup,Paul Dumbrell,Jamie Whincup Paul Dumbrell
2014,25,David Reynolds,Dean Canto,David Reynolds Dean Canto
2015,1,Fabian Coulthard,Unknown,Brad Jones Racing
2015,2,Shane van Gisbergen,Unknown,Tekno Autosports
2015,3,Tim Slade,Unknown,Walkinshaw Racing
2015,4,Jamie Whincup,Unknown,Triple Eight Race Engineering
2015,5,Scott Pye,Unknown,DJR Team Penske
2015,6,Jason Bright,Unknown,Brad Jones Racing
2015,7,Scott McLaughlin,Unknown,Garry Rogers Motorsport
2015,8,David Reynolds,Unknown,Rod Nash Racing
2015,9,Lee Holdsworth,Unknown,Charlie Schwerkolt Racing
2015,10,James Moffat,Unknown,Nissan Motorsport
2015,11,Will Davison,Unknown,Erebus Motorsport
2015,12,Andre Heimgartner,Unknown,Super Black Racing
2015,13,Dale Wood,Unknown,Britek Motorsport
2015,14,Mark Winterbottom,Unknown,Prodrive Racing Australia
2015,15,Craig Lowndes,Unknown,Triple Eight Race Engineering
2015,16,Todd Kelly,Unknown,Nissan Motorsport
2015,17,Jack Perkins,Unknown,Holden Racing Team
2015,18,Michael Caruso,Unknown,Nissan Motorsport
2015,19,Rick Kelly,Unknown,Nissan Motorsport
2015,20,David Wall,Unknown,Garry Rogers Motorsport
2015,21,Nick Percat,Unknown,Lucas Dumbrell Motorsport
2015,22,Garth Tander,Unknown,Holden Racing Team
2015,23,Tim Blanchard,Unknown,Lucas Dumbrell Motorsport
2015,24,Aaren Russell,Unknown,Novocastrian Motorsport
2015,25,Simona de Silvestro,Unknown,Prodrive Racing Australia
2015,26,Ashley Walsh,Unknown,Erebus Motorsport
2016,1,Jamie Whincup,Unknown,Triple Eight Race Engineering
2016,2,Scott McLaughlin,Unknown,Garry Rogers Motorsport
2016,3,Tim Slade,Unknown,Brad Jones Racing
2016,4,Chaz Mostert,Unknown,Rod Nash Racing
2016,5,Fabian Coulthard,Unknown,DJR Team Penske
2016,6,Shane van Gisbergen,Unknown,Triple Eight Race Engineering
2016,7,Mark Winterbottom,Unknown,Prodrive Racing Australia
2016,8,Scott Pye,Unknown,DJR Team Penske
2016,9,Garth Tander,Unknown,Holden Racing Team
2016,10,Michael Caruso,Unknown,Nissan Motorsport
2016,11,Jason Bright,Unknown,Brad Jones Racing
2016,12,Chris Pither,Unknown,Super Black Racing
2016,13,Cam Waters,Unknown,Prodrive Racing Australia
2016,14,David Reynolds,Unknown,Erebus Motorsport
2016,15,Lee Holdsworth,Unknown,Charlie Schwerkolt Racing
2016,16,James Courtney,Unknown,Holden Racing Team
2016,17,Will Davison,Unknown,Tekno Autosports
2016,18,Dale Wood,Unknown,Nissan Motorsport
2016,19,Todd Kelly,Unknown,Nissan Motorsport
2016,20,Rick Kelly,Unknown,Nissan Motorsport
2016,21,Craig Lowndes,Unknown,Triple Eight Race Engineering
2016,22,Nick Percat,Unknown,Lucas Dumbrell Motorsport
2016,23,James Moffat,Unknown,Garry Rogers Motorsport
2016,24,Tim Blanchard,Unknown,Britek Motorsport
2016,25,Andre Heimgartner,Unknown,Lucas Dumbrell Motorsport
2016,26,Simona de Silvestro,Unknown,Nissan Motorsport
2016,27,Shae Davies,Unknown,Erebus Motorsport
2017,1,Scott McLaughlin,Unknown,DJR Team Penske
2017,2,David Reynolds,Unknown,Erebus Motorsport
2017,3,Chaz Mostert,Unknown,Rod Nash Racing
2017,4,Cam Waters,Unknown,Prodrive Racing Australia
2017,5,Mark Winterbottom,Unknown,Prodrive Racing Australia
2017,6,Fabian Coulthard,Unknown,DJR Team Penske
2017,7,Shane van Gisbergen,Unknown,Triple Eight Race Engineering
2017,8,James Courtney,Unknown,Walkinshaw Racing
2017,9,Jason Bright,Unknown,Britek Motorsport
2017,10,Garth Tander,Unknown,Garry Rogers Motorsport
2017,11,Jamie Whincup,Unknown,Triple Eight Race Engineering
2017,12,Rick Kelly,Unknown,Nissan Motorsport
2017,13,Michael Caruso,Unknown,Nissan Motorsport
2017,14,Nick Percat,Unknown,Brad Jones Racing
2017,15,Todd Kelly,Unknown,Nissan Motorsport
2017,16,Will Davison,Unknown,Tekno Autosports
2017,17,Lee Holdsworth,Unknown,Team 18
2017,18,Tim Slade,Unknown,Brad Jones Racing
2017,19,Craig Lowndes,Unknown,Triple Eight Race Engineering
2017,20,Scott Pye,Unknown,Walkinshaw Racing
2017,21,Dale Wood,Unknown,Erebus Motorsport
2017,22,James Moffat,Unknown,Garry Rogers Motorsport
2017,23,Simona de Silvestro,Unknown,Nissan Motorsport
2017,24,Tim Blanchard,Unknown,Tim Blanchard Racing
2017,25,Aaren Russell,Unknown,Lucas Dumbrell Motorsport
2017,26,Alex Rullo,Unknown,Lucas Dumbrell Motorsport
2018,1,Jamie Whincup,Unknown,Triple Eight Race Engineering
2018,2,David Reynolds,Unknown,Erebus Motorsport
2018,3,Scott McLaughlin,Unknown,DJR Team Penske
2018,4,Shane van Gisbergen,Unknown,Triple Eight Race Engineering
2018,5,James Courtney,Unknown,Walkinshaw Andretti United
2018,6,Craig Lowndes,Unknown,Triple Eight Race Engineering
2018,7,Cam Waters,Unknown,Tickford Racing
2018,8,Nick Percat,Unknown,Brad Jones Racing
2018,9,Anton de Pasquale,Unknown,Erebus Motorsport
2018,10,Garth Tander,Unknown,Garry Rogers Motorsport
2018,11,Chaz Mostert,Unknown,Tickford Racing
2018,12,James Golding,Unknown,Garry Rogers Motorsport
2018,13,Andre Heimgartner,Unknown,Nissan Motorsport
2018,14,Rick Kelly,Unknown,Nissan Motorsport
2018,15,Fabian Coulthard,Unknown,DJR Team Penske
2018,16,Michael Caruso,Unknown,Nissan Motorsport
2018,17,Richie Stanaway,Unknown,Tickford Racing
2018,18,Scott Pye,Unknown,Walkinshaw Andretti United
2018,19,Mark Winterbottom,Unknown,Tickford Racing
2018,20,Tim Slade,Unknown,Brad Jones Racing
2018,21,Lee Holdsworth,Unknown,Team 18
2018,22,Tim Blanchard,Unknown,Tim Blanchard Racing
2018,23,Todd Hazelwood,Unknown,Matt Stone Racing
2018,24,Will Davison,Unknown,23Red Racing
2018,25,Jack Le Brocq,Unknown,Tekno Autosports
2018,26,Simona de Silvestro,Unknown,Nissan Motorsport
2019,1,Chaz Mostert,Unknown,Tickford Racing
2019,2,Shane van Gisbergen,Unknown,Triple Eight Race Engineering
2019,3,Will Davison,Unknown,23Red Racing
2019,4,Tim Slade,Unknown,Brad Jones Racing
2019,5,Nick Percat,Unknown,Brad Jones Racing
2019,6,Jamie Whincup,Unknown,Triple Eight Race Engineering
2019,7,Cam Waters,Unknown,Tickford Racing
2019,8,Mark Winterbottom,Unknown,Team 18
2019,9,Anton de Pasquale,Unknown,Erebus Motorsport
2019,10,Rick Kelly,Unknown,Kelly Racing
2019,11,Richie Stanaway,Unknown,Garry Rogers Motorsport
2019,12,Andre Heimgartner,Unknown,Kelly Racing
2019,13,Scott Pye,Unknown,Walkinshaw Andretti United
2019,14,Todd Hazelwood,Unknown,Matt Stone Racing
2019,15,Fabian Coulthard,Unknown,DJR Team Penske
2019,16,Simona de Silvestro,Unknown,Kelly Racing
2019,17,Scott McLaughlin,Unknown,DJR Team Penske
2019,18,James Golding,Unknown,Garry Rogers Motorsport
2019,19,Lee Holdsworth,Unknown,Tickford Racing
2019,20,Garry Jacobson,Unknown,Kelly Racing
2019,21,David Reynolds,Unknown,Erebus Motorsport
2019,22,Macauley Jones,Unknown,Tim Blanchard Racing
2019,23,Brodie Kostecki,Unknown,Kostecki Brothers Racing
2019,24,Alexander Rossi,Unknown,Walkinshaw Andretti United
2019,25,Jack Le Brocq,Unknown,Tekno Autosports
2020,1,Lee Holdsworth,Unknown,Tickford Racing
2020,2,Shane van Gisbergen,Unknown,Triple Eight Race Engineering
2020,3,Scott McLaughlin,Unknown,DJR Team Penske
2020,4,Cam Waters,Unknown,Tickford Racing
2020,5,Jamie Whincup,Unknown,Triple Eight Race Engineering
2020,6,Fabian Coulthard,Unknown,DJR Team Penske
2020,7,Anton de Pasquale,Unknown,Erebus Motorsport
2020,8,Chaz Mostert,Unknown,Walkinshaw Andretti United
2020,9,James Courtney,Unknown,Tickford Racing
2020,10,Nick Percat,Unknown,Brad Jones Racing
2020,11,Bryce Fullwood,Unknown,Walkinshaw Andretti United
2020,12,Scott Pye,Unknown,Team 18
2020,13,David Reynolds,Unknown,Erebus Motorsport
2020,14,Andre Heimgartner,Unknown,Kelly Racing
2020,15,Jack Le Brocq,Unknown,Tickford Racing
2020,16,Todd Hazelwood,Unknown,Brad Jones Racing
2020,17,Macauley Jones,Unknown,Tim Blanchard Racing
2020,18,Mark Winterbottom,Unknown,Team 18
2020,19,Rick Kelly,Unknown,Kelly Racing
2020,20,Alex Davison,Unknown,Team Sydney
2020,21,Garry Jacobson,Unknown,Matt Stone Racing
2020,22,Jack Smith,Unknown,Brad Jones Racing
2020,23,Chris Pither,Unknown,Team Sydney
2020,24,Tyler Everingham,Unknown,Garry Rogers Motorsport
2020,25,Jake Kostecki,Unknown,Matt Stone Racing
2021,1,Will Brown,Unknown,Erebus Motorsport
2021,2,Anton de Pasquale,Unknown,Dick Johnson Racing
2021,3,Chaz Mostert,Unknown,Walkinshaw Andretti United
2021,4,Tim Slade,Unknown,Blanchard Racing Team
2021,5,Cam Waters,Unknown,Tickford Racing
2021,6,Brodie Kostecki,Unknown,Erebus Motorsport
2021,7,Shane van Gisbergen,Unknown,Triple Eight Race Engineering
2021,8,Will Davison,Unknown,Dick Johnson Racing
2021,9,Nick Percat,Unknown,Brad Jones Racing
2021,10,Jack Le Brocq,Unknown,Tickford Racing
2021,11,Jamie Whincup,Unknown,Triple Eight Race Engineering
2021,12,Bryce Fullwood,Unknown,Walkinshaw Andretti United
2021,13,Scott Pye,Unknown,Team 18
2021,14,Mark Winterbottom,Unknown,Team 18
2021,15,Broc Feeney,Unknown,Triple Eight Race Engineering
2021,16,James Courtney,Unknown,Tickford Racing
2021,17,Andre Heimgartner,Unknown,Kelly Grove Racing
2021,18,Todd Hazelwood,Unknown,Brad Jones Racing
2021,19,David Reynolds,Unknown,Kelly Grove Racing
2021,20,Fabian Coulthard,Unknown,Team Sydney
2021,21,Jake Kostecki,Unknown,Matt Stone Racing
2021,22,Macauley Jones,Unknown,Brad Jones Racing
2021,23,Zane Goddard,Unknown,Matt Stone Racing
2021,24,Jack Smith,Unknown,Brad Jones Racing
2021,25,Garry Jacobson,Unknown,Team Sydney
2022,1,Cameron Waters,Unknown,Tickford Racing
2022,2,Lee Holdsworth,Unknown,Grove Racing
2022,3,Chaz Mostert,Unknown,Walkinshaw Andretti United
2022,4,Shane van Gisbergen,Unknown,Triple Eight Race Engineering
2022,5,Richie Stanaway,Unknown,Erebus Motorsport
2022,6,Will Davison,Unknown,Dick Johnson Racing
2022,7,Nick Percat,Unknown,Walkinshaw Andretti United
2022,8,James Courtney,Unknown,Tickford Racing
2022,9,Brodie Kostecki,Unknown,Erebus Motorsport
2022,10,Will Brown,Unknown,Erebus Motorsport
2022,11,Anton de Pasquale,Unknown,Dick Johnson Racing
2022,12,Andre Heimgartner,Unknown,Brad Jones Racing
2022,13,James Golding,Unknown,PremiAir Racing
2022,14,Jamie Whincup,Unknown,Triple Eight Race Engineering
2022,15,Thomas Randle,Unknown,Tickford Racing
2022,16,Craig Lowndes,Unknown,Triple Eight Race Engineering
2022,17,Jake Kostecki,Unknown,Tickford Racing
2022,18,David Reynolds,Unknown,Grove Racing
2022,19,Todd Hazelwood,Unknown,Matt Stone Racing
2022,20,Scott Pye,Unknown,Charlie Schwerkolt Racing
2022,21,Chris Pither,Unknown,PremiAir Racing
2022,22,Macauley Jones,Unknown,Brad Jones Racing
2022,23,Mark Winterbottom,Unknown,Charlie Schwerkolt Racing
2022,24,Bryce Fullwood,Unknown,Brad Jones Racing
2022,25,Jack Le Brocq,Unknown,Matt Stone Racing
2022,26,Matt Chahda,Unknown,Matt Chahda Motorsport
2022,27,Jack Smith,Unknown,Brad Jones Racing
2022,28,Tim Slade,Unknown,Blanchard Racing Team
2023,1,Brodie Kostecki,Unknown,Erebus Motorsport
2023,2,James Golding,Unknown,PremiAir Racing
2023,3,Anton de Pasquale,Unknown,Dick Johnson Racing
2023,4,Cam Waters,Unknown,Tickford Racing
2023,5,Broc Feeney,Unknown,Triple Eight Race Engineering
2023,6,David Reynolds,Unknown,Grove Racing
2023,7,Shane van Gisbergen,Unknown,Triple Eight Race Engineering
2023,8,Matthew Payne,Unknown,Grove Racing
2023,9,Chaz Mostert,Unknown,Walkinshaw Andretti United
2023,10,Will Davison,Unknown,Dick Johnson Racing
2023,11,Thomas Randle,Unknown,Tickford Racing
2023,12,Scott Pye,Unknown,Charlie Schwerkolt Racing
2023,13,Andre Heimgartner,Unknown,Brad Jones Racing
2023,14,Cameron Hill,Unknown,Matt Stone Racing
2023,15,Jack Le Brocq,Unknown,Matt Stone Racing
2023,16,James Courtney,Unknown,Tickford Racing
2023,17,Will Brown,Unknown,Erebus Motorsport
2023,18,Tim Slade,Unknown,PremiAir Racing
2023,19,Mark Winterbottom,Unknown,Charlie Schwerkolt Racing
2023,20,Zane Goddard,Unknown,Triple Eight Race Engineering
2023,21,Bryce Fullwood,Unknown,Brad Jones Racing
2023,22,Todd Hazelwood,Unknown,Blanchard Racing Team
2023,23,Nick Percat,Unknown,Walkinshaw Andretti United
2023,24,Macauley Jones,Unknown,Brad Jones Racing
2023,25,Kai Allen,Unknown,Dick Johnson Racing
2023,26,Aaron Love,Unknown,Blanchard Racing Team
2023,27,Jack Smith,Unknown,Brad Jones Racing
2023,28,Declan Fraser,Unknown,Tickford Racing
2024,1,Matthew Payne,Unknown,Grove Racing
2024,2,Cameron Waters,Unknown,Tickford Racing
2024,3,Broc Feeney,Unknown,Triple Eight Race Engineering
2024,4,Brodie Kostecki,Unknown,Erebus Motorsport
2024,5,Will Brown,Unknown,Triple Eight Race Engineering
2024,6,Chaz Mostert,Unknown,Walkinshaw Andretti United
2024,7,Andre Heimgartner,Unknown,Brad Jones Racing
2024,8,Jack LeBrocq,Unknown,Erebus Motorsport
2024,9,Anton de Pasquale,Unknown,Dick Johnson Racing
2024,10,Richie Stanaway,Unknown,Grove Racing
2024,11,James Golding,Unknown,PremiAir Racing
2024,12,Cameron Hill,Unknown,Matt Stone Racing
2024,13,Nick Percat,Unknown,Matt Stone Racing
2024,14,Ryan Wood,Unknown,Walkinshaw Andretti United
2024,15,Jaxon Evans,Unknown,Brad Jones Racing
2024,16,Will Davison,Unknown,Dick Johnson Racing
2024,17,Macauley Jones,Unknown,Brad Jones Racing
2024,18,Cooper Murray,Unknown,Triple Eight Race Engineering
2024,19,Thomas Randle,Unknown,Tickford Racing
2024,20,Aaron Love,Unknown,Blanchard Racing Team
2024,21,David Reynolds,Unknown,Team 18
2024,22,Mark Winterbottom,Unknown,Team 18
2024,23,James Courtney,Unknown,Blanchard Racing Team
2024,24,Bryce Fullwood,Unknown,Brad Jones Racing
2024,25,Tim Slade,Unknown,PremiAir Racing
2024,26,Matt Chahda,Unknown,Matt Chahda Motorsport
2025,1,Brodie Kostecki,Unknown,Dick Johnson Racing
2025,2,Broc Feeney,Unknown,Triple Eight Race Engineering
2025,3,Ryan Wood,Unknown,Walkinshaw Andretti United
2025,4,Anton de Pasquale,Unknown,Team 18
2025,5,Cooper Murray,Unknown,Erebus Motorsport
2025,6,Chaz Mostert,Unknown,Walkinshaw Andretti United
2025,7,Cameron Waters,Unknown,Tickford Racing
2025,8,Cameron Hill,Unknown,Matt Stone Racing
2025,9,Nick Percat,Unknown,Matt Stone Racing
2025,10,Thomas Randle,Unknown,Tickford Racing
2025,11,Macauley Jones,Unknown,Brad Jones Racing
2025,12,Will Brown,Unknown,Triple Eight Race Engineering
2025,13,James Golding,Unknown,PremiAir Racing
2025,14,Will Davison,Unknown,Dick Johnson Racing
2025,15,David Reynolds,Unknown,Team 18
2025,16,Zach Bates,Unknown,Triple Eight Race Engineering
2025,17,Jack Le Brocq,Unknown,Erebus Motorsport
2025,18,Matthew Payne,Unknown,Grove Racing
2025,19,Andre Heimgartner,Unknown,Brad Jones Racing
2025,20,Aaron Cameron,Unknown,Blanchard Racing Team
2025,21,Kai Allen,Unknown,Grove Racing
2025,22,James Courtney,Unknown,Blanchard Racing Team
2025,23,Richie Stanaway,Unknown,PremiAir Racing
2025,24,Jaxon Evans,Unknown,Brad Jones Racing
2025,25,Bryce Fullwood,Unknown,Brad Jones Racing
2025,26,Cameron Crick,Unknown,Matt Stone Racing
2025,27,Lachlan Dalton,Unknown,Tickford Racing
