bowler,balls,runs_conceded,wickets,overs,average,economy
A Codrington,154,125,0,25.4,inf,4.87
A Dutt,422,365,0,70.2,inf,5.19
A Flintoff,734,409,0,122.2,inf,3.34
A Kumble,224,133,0,37.2,inf,3.56
A Nehra,569,396,0,94.5,inf,4.18
A Nel,328,203,0,54.4,inf,3.71
A Patel,66,67,0,11.0,inf,6.09
A Shahzad,115,84,0,19.1,inf,4.38
A Symonds,262,208,0,43.4,inf,4.76
A Zampa,674,624,0,112.2,inf,5.55
AA Donald,155,127,0,25.5,inf,4.92
AAP Atkinson,148,142,0,24.4,inf,5.76
AB Agarkar,176,100,0,29.2,inf,3.41
AB de Villiers,86,84,0,14.2,inf,5.86
AC Botha,411,266,0,68.3,inf,3.88
AC Cummins,117,102,0,19.3,inf,5.23
AC Evans,185,180,0,30.5,inf,5.84
AD Mathews,521,426,0,86.5,inf,4.91
AD Russell,633,532,0,105.3,inf,5.04
AF Giles,61,41,0,10.1,inf,4.03
AF Milne,185,152,0,30.5,inf,4.93
AG Cremer,282,207,0,47.0,inf,4.4
AJ Bichel,320,176,0,53.2,inf,3.3
AJ Burger,98,102,0,16.2,inf,6.24
AJ Finch,19,18,0,3.1,inf,5.68
AJ Hall,615,417,0,102.3,inf,4.07
AJ Ireland,42,38,0,7.0,inf,5.43
AJ McKay,61,31,0,10.1,inf,3.05
AK Markram,159,133,0,26.3,inf,5.02
AL Phehlukwayo,341,300,0,56.5,inf,5.28
AM Blignaut,363,234,0,60.3,inf,3.87
AM Guruge,174,133,0,29.0,inf,4.59
AM Samad,49,55,0,8.1,inf,6.73
AO Suji,144,126,0,24.0,inf,5.25
AR Adams,361,328,0,60.1,inf,5.45
AR Caddick,281,160,0,46.5,inf,3.42
AR Cusack,345,266,0,57.3,inf,4.63
AR McBrine,168,145,0,28.0,inf,5.18
AR Nurse,86,84,0,14.2,inf,5.86
AR White,139,112,0,23.1,inf,4.83
AS Hansra,145,145,0,24.1,inf,6.0
AU Rashid,918,822,0,153.0,inf,5.37
AY Karim,141,68,0,23.3,inf,2.89
Abdul Razzaq,395,271,0,65.5,inf,4.12
Abdur Razzak,747,533,0,124.3,inf,4.28
Abdur Rehman,277,188,0,46.1,inf,4.07
Adeel Raja,275,258,0,45.5,inf,5.63
Aftab Ahmed,32,37,0,5.2,inf,6.94
Agha Salman,31,45,0,5.1,inf,8.71
Alok Kapali,134,85,0,22.2,inf,3.81
Amjad Javed,300,301,0,50.0,inf,6.02
Arafat Sunny,48,42,0,8.0,inf,5.25
Azhar Mahmood,48,23,0,8.0,inf,2.88
B Kumar,352,274,0,58.4,inf,4.67
B Lee,874,580,0,145.4,inf,3.98
BA Murphy,183,136,0,30.3,inf,4.46
BA Stokes,285,230,0,47.3,inf,4.84
BA Westdijk,146,157,0,24.2,inf,6.45
BAW Mendis,258,132,0,43.0,inf,3.07
BB Seebaran,108,130,0,18.0,inf,7.22
BFW de Leede,422,467,0,70.2,inf,6.64
BJ Hodge,36,17,0,6.0,inf,2.83
BL Kotze,266,268,0,44.2,inf,6.05
BMAJ Mendis,82,72,0,13.4,inf,5.27
BO van Rooi,130,109,0,21.4,inf,5.03
BP Kruger,21,23,0,3.3,inf,6.57
BP Loots,170,199,0,28.2,inf,7.02
BRM Taylor,18,23,0,3.0,inf,7.67
C Green,12,11,0,2.0,inf,5.5
C Karunaratne,80,61,0,13.2,inf,4.58
C Munro,7,8,0,1.1,inf,6.86
C White,273,176,0,45.3,inf,3.87
C de Grandhomme,286,194,0,47.4,inf,4.07
CAK Rajitha,357,395,0,59.3,inf,6.64
CB Mpofu,356,305,0,59.2,inf,5.14
CBRLS Kumara,66,82,0,11.0,inf,7.45
CD Collymore,391,257,0,65.1,inf,3.94
CD McMillan,147,114,0,24.3,inf,4.65
CH Gayle,782,594,0,130.2,inf,4.56
CH Morris,352,322,0,58.4,inf,5.49
CJ Anderson,190,183,0,31.4,inf,5.78
CJ Chibhabha,6,11,0,1.0,inf,11.0
CJ Jordan,65,54,0,10.5,inf,4.98
CK Langeveldt,440,371,0,73.2,inf,5.06
CL Cairns,53,49,0,8.5,inf,5.55
CL Hooper,202,163,0,33.4,inf,4.84
CM Wright,84,75,0,14.0,inf,5.36
CN Ackermann,267,221,0,44.3,inf,4.97
CO Obuya,509,392,0,84.5,inf,4.62
CR Brathwaite,217,253,0,36.1,inf,7.0
CR Woakes,1007,873,0,167.5,inf,5.2
CRD Fernando,571,464,0,95.1,inf,4.88
CT Tremlett,77,82,0,12.5,inf,6.39
CZ Harris,211,128,0,35.1,inf,3.64
D Bishoo,150,106,0,25.0,inf,4.24
D Joseph,202,154,0,33.4,inf,4.57
D Langford-Smith,425,262,0,70.5,inf,3.7
D Madushanka,439,454,0,73.1,inf,6.21
D Mongia,196,132,0,32.4,inf,4.04
D Pretorius,140,92,0,23.2,inf,3.94
DA Marillier,184,129,0,30.4,inf,4.21
DB Kotze,285,253,0,47.3,inf,5.33
DBL Powell,527,368,0,87.5,inf,4.19
DCC Borden,63,68,0,10.3,inf,6.48
DJ Bravo,415,361,0,69.1,inf,5.22
DJ Hussey,54,31,0,9.0,inf,3.44
DJ Mitchell,9,12,0,1.3,inf,8.0
DJ Reekers,105,103,0,17.3,inf,5.89
DJ Willey,314,251,0,52.2,inf,4.8
DJG Sammy,446,376,0,74.2,inf,5.06
DL Hemp,13,31,0,2.1,inf,14.31
DL Vettori,1651,1121,0,275.1,inf,4.07
DLS van Bunge,92,124,0,15.2,inf,8.09
DM de Silva,350,334,0,58.2,inf,5.73
DN Wellalage,178,194,0,29.4,inf,6.54
DR Brown,92,124,0,15.2,inf,8.09
DR Martyn,24,21,0,4.0,inf,5.25
DR Smith,187,131,0,31.1,inf,4.2
DR Tuffey,135,107,0,22.3,inf,4.76
DS Lehmann,168,111,0,28.0,inf,3.96
DS Smith,5,5,0,0.5,inf,6.0
DT Hondo,306,254,0,51.0,inf,4.98
DT Johnston,576,484,0,96.0,inf,5.04
DW Steyn,705,518,0,117.3,inf,4.41
Danish Kaneria,81,90,0,13.3,inf,6.67
E Chigumbura,286,239,0,47.4,inf,5.01
E Otieno,258,264,0,43.0,inf,6.14
E Schiferli,256,215,0,42.4,inf,5.04
EC Rainsford,44,42,0,7.2,inf,5.73
Ehsan Adil,74,60,0,12.2,inf,4.86
Ehsanul Haque,61,33,0,10.1,inf,3.25
F Behardien,69,61,0,11.3,inf,5.3
F du Plessis,92,79,0,15.2,inf,5.15
FA Allen,108,96,0,18.0,inf,5.33
FDM Karunaratne,6,7,0,1.0,inf,7.0
Fahad Alhashmi,45,44,0,7.3,inf,5.87
G Coetzee,331,338,0,55.1,inf,6.13
G Snyman,314,255,0,52.2,inf,4.87
GA Lamb,217,156,0,36.1,inf,4.31
GA Rogers,111,113,0,18.3,inf,6.11
GB Brent,125,99,0,20.5,inf,4.75
GB Hogg,968,635,0,161.2,inf,3.94
GC Smith,160,158,0,26.4,inf,5.92
GD Elliott,43,57,0,7.1,inf,7.95
GD McGrath,1010,632,0,168.2,inf,3.75
GD Phillips,225,217,0,37.3,inf,5.79
GH Dockrell,576,482,0,96.0,inf,5.02
GJ Maxwell,858,755,0,143.0,inf,5.28
GJ Whittall,137,115,0,22.5,inf,5.04
GP Swann,415,302,0,69.1,inf,4.37
GR Codrington,60,70,0,10.0,inf,7.0
GW Flower,209,127,0,34.5,inf,3.65
H Masakadza,99,100,0,16.3,inf,6.06
H Osinde,257,195,0,42.5,inf,4.55
H Patel,6,19,0,1.0,inf,19.0
HA Varaiya,81,74,0,13.3,inf,5.48
HH Pandya,486,451,0,81.0,inf,5.57
HH Streak,384,295,0,64.0,inf,4.61
HJC Mol,80,87,0,13.2,inf,6.52
HK Bennett,155,117,0,25.5,inf,4.53
HK Olonga,51,19,0,8.3,inf,2.24
HMCM Bandara,58,53,0,9.4,inf,5.48
HMRKB Herath,325,237,0,54.1,inf,4.38
HS Baidwan,337,296,0,56.1,inf,5.27
Harbhajan Singh,1174,775,0,195.4,inf,3.96
Haris Rauf,441,457,0,73.3,inf,6.22
Haris Sohail,127,132,0,21.1,inf,6.24
Hasan Ali,465,511,0,77.3,inf,6.59
Hasan Mahmud,88,128,0,14.4,inf,8.73
I Maraj,27,22,0,4.3,inf,4.89
I Udana,280,261,0,46.4,inf,5.59
I Wardlaw,210,243,0,35.0,inf,6.94
ID Blackwell,61,36,0,10.1,inf,3.54
IDR Bradshaw,178,163,0,29.4,inf,5.49
IH Romaine,19,28,0,3.1,inf,8.84
IJ Harvey,194,128,0,32.2,inf,3.96
IS Sodhi,61,78,0,10.1,inf,7.67
Iftikhar Ahmed,262,227,0,43.4,inf,5.2
Iftikhar Anjum,123,70,0,20.3,inf,3.41
Imad Wasim,176,138,0,29.2,inf,4.7
Imran Tahir,1121,804,0,186.5,inf,4.3
J Botha,259,159,0,43.1,inf,3.68
J Srinath,566,345,0,94.2,inf,3.66
JAR Blain,81,87,0,13.3,inf,6.44
JC Archer,570,400,0,95.0,inf,4.21
JC Tredwell,97,85,0,16.1,inf,5.26
JD Nel,18,24,0,3.0,inf,8.0
JD Ryder,91,70,0,15.1,inf,4.62
JDF Vandersay,46,41,0,7.4,inf,5.35
JDP Oram,1122,740,0,187.0,inf,3.96
JDS Neesham,367,403,0,61.1,inf,6.59
JE Root,153,153,0,25.3,inf,6.0
JE Taylor,761,600,0,126.5,inf,4.73
JEC Franklin,497,384,0,82.5,inf,4.64
JF Kloppenburg,192,131,0,32.0,inf,4.09
JF Mooney,591,556,0,98.3,inf,5.64
JH Davey,262,254,0,43.4,inf,5.82
JH Kallis,805,570,0,134.1,inf,4.25
JJ Bumrah,960,637,0,160.0,inf,3.98
JJ Esmeijer,159,135,0,26.3,inf,5.09
JJ Krejza,375,270,0,62.3,inf,4.32
JJ Tucker,135,128,0,22.3,inf,5.69
JK Kamande,246,226,0,41.0,inf,5.51
JL Louw,61,59,0,10.1,inf,5.8
JM Anderson,1263,1001,0,210.3,inf,4.76
JM Davison,593,470,0,98.5,inf,4.76
JM Kemp,80,63,0,13.2,inf,4.72
JN Gillespie,167,86,0,27.5,inf,3.09
JO Holder,688,622,0,114.4,inf,5.42
JO Ngoche,171,139,0,28.3,inf,4.88
JP Behrendorff,270,222,0,45.0,inf,4.93
JP Duminy,379,330,0,63.1,inf,5.22
JP Faulkner,231,185,0,38.3,inf,4.81
JR Hazlewood,730,545,0,121.4,inf,4.48
JS Patel,328,243,0,54.4,inf,4.45
JWM Dalrymple,64,63,0,10.4,inf,5.91
K Rabada,819,659,0,136.3,inf,4.83
KA Maharaj,480,335,0,80.0,inf,4.19
KA Pollard,213,173,0,35.3,inf,4.87
KAD Hurdle,169,107,0,28.1,inf,3.8
KAJ Roach,562,413,0,93.4,inf,4.41
KD Mills,163,103,0,27.1,inf,3.79
KED Carroll,6,8,0,1.0,inf,8.0
KIC Asalanka,6,10,0,1.0,inf,10.0
KJ Abbott,190,126,0,31.4,inf,3.98
KJ Coetzer,47,58,0,7.5,inf,7.4
KJ O'Brien,522,610,0,87.0,inf,7.01
KM Jadhav,38,32,0,6.2,inf,5.05
KMDN Kulasekara,461,346,0,76.5,inf,4.5
KP Pietersen,66,51,0,11.0,inf,4.64
KS Williamson,134,100,0,22.2,inf,4.48
KT Sandher,60,58,0,10.0,inf,5.8
KW Richardson,110,105,0,18.2,inf,5.73
Kamran Shazad,49,58,0,8.1,inf,7.1
Khaled Mahmud,200,145,0,33.2,inf,4.35
Khurram Chohan,176,150,0,29.2,inf,5.11
Khurram Khan,42,52,0,7.0,inf,7.43
Krishna Chandran,151,176,0,25.1,inf,6.99
Kuldeep Yadav,861,672,0,143.3,inf,4.68
L Klusener,156,127,0,26.0,inf,4.88
L Ngidi,532,471,0,88.4,inf,5.31
LB Williams,57,50,0,9.3,inf,5.26
LE Plunkett,498,407,0,83.0,inf,4.9
LH Ferguson,757,618,0,126.1,inf,4.9
LJ Burger,336,287,0,56.0,inf,5.12
LJ Woodcock,33,23,0,5.3,inf,4.18
LJ Wright,49,33,0,8.1,inf,4.04
LL Tsotsobe,31,13,0,5.1,inf,2.52
LMP Simmons,6,12,0,1.0,inf,12.0
LN Onyango,61,76,0,10.1,inf,7.48
LOB Cann,79,78,0,13.1,inf,5.92
LP van Troost,43,76,0,7.1,inf,10.6
LPC Silva,19,11,0,3.1,inf,3.47
LS Livingstone,114,125,0,19.0,inf,6.58
LV van Beek,406,419,0,67.4,inf,6.19
M Dillon,243,153,0,40.3,inf,3.78
M Jansen,455,401,0,75.5,inf,5.29
M Morkel,671,485,0,111.5,inf,4.34
M Muralitharan,1437,893,0,239.3,inf,3.73
M Ntini,710,450,0,118.2,inf,3.8
M Pathirana,128,154,0,21.2,inf,7.22
M Theekshana,378,312,0,63.0,inf,4.95
M Zondeki,127,69,0,21.1,inf,3.26
MA Leask,45,69,0,7.3,inf,9.2
MA Starc,1393,1051,0,232.1,inf,4.53
MA Suji,351,236,0,58.3,inf,4.03
MA Wood,771,699,0,128.3,inf,5.44
MADI Hemantha,97,93,0,16.1,inf,5.75
MBS Jonkman,69,55,0,11.3,inf,4.78
MC Sorensen,152,192,0,25.2,inf,7.58
MD Shanaka,66,64,0,11.0,inf,5.82
MF Maharoof,269,193,0,44.5,inf,4.3
MG Johnson,706,506,0,117.4,inf,4.3
MH Yardy,160,154,0,26.4,inf,5.78
MJ Clarke,152,132,0,25.2,inf,5.21
MJ Henry,851,709,0,141.5,inf,5.0
MJ Mason,175,121,0,29.1,inf,4.15
MJ McClenaghan,48,68,0,8.0,inf,8.5
MJ Santner,922,719,0,153.4,inf,4.68
MM Ali,704,640,0,117.2,inf,5.45
MM Patel,561,451,0,93.3,inf,4.82
MM Sharma,392,300,0,65.2,inf,4.59
MN Samuels,357,304,0,59.3,inf,5.11
MO Jones,50,65,0,8.2,inf,7.8
MO Odumbe,207,161,0,34.3,inf,4.67
MP Stoinis,317,337,0,52.5,inf,6.38
MP Vaughan,182,126,0,30.2,inf,4.15
MR Gillespie,78,104,0,13.0,inf,8.0
MR Marsh,145,133,0,24.1,inf,5.5
MS Panesar,387,276,0,64.3,inf,4.28
MW Machan,79,101,0,13.1,inf,7.67
Mahedi Hasan,146,146,0,24.2,inf,6.0
Mahmudullah,258,247,0,43.0,inf,5.74
Manjural Islam,227,173,0,37.5,inf,4.57
Mashrafe Mortaza,1035,875,0,172.3,inf,5.07
Mehedi Hasan Miraz,741,671,0,123.3,inf,5.43
Mohammad Amir,388,307,0,64.4,inf,4.75
Mohammad Ashraful,108,92,0,18.0,inf,5.11
Mohammad Hafeez,595,419,0,99.1,inf,4.23
Mohammad Irfan,253,175,0,42.1,inf,4.15
Mohammad Kashif,42,29,0,7.0,inf,4.14
Mohammad Naveed,314,295,0,52.2,inf,5.64
Mohammad Nawaz,227,223,0,37.5,inf,5.89
Mohammad Rafique,619,417,0,103.1,inf,4.04
Mohammad Saifuddin,318,366,0,53.0,inf,6.91
Mohammad Sami,94,40,0,15.4,inf,2.55
Mohammad Tauqir,267,227,0,44.3,inf,5.1
Mohammad Wasim,236,203,0,39.2,inf,5.16
Mohammad Yousuf,1,0,0,0.1,,0.0
Mohammed Shami,848,657,0,141.2,inf,4.65
Mohammed Siraj,457,377,0,76.1,inf,4.95
Mosaddek Hossain,184,182,0,30.4,inf,5.93
Mudassar Bukhari,293,245,0,48.5,inf,5.02
Mustafizur Rahman,763,792,0,127.1,inf,6.23
N Boje,86,82,0,14.2,inf,5.72
N Ifill,79,81,0,13.1,inf,6.15
N Pradeep,123,122,0,20.3,inf,5.95
NA de Groot,81,88,0,13.3,inf,6.52
NAM McLean,37,37,0,6.1,inf,6.0
NJ Astle,96,83,0,16.0,inf,5.19
NL McCullum,303,235,0,50.3,inf,4.65
NLTC Perera,603,578,0,100.3,inf,5.75
NM Coulter-Nile,238,240,0,39.4,inf,6.05
NM Lyon,205,179,0,34.1,inf,5.24
NN Odhiambo,271,238,0,45.1,inf,5.27
NO Miller,119,109,0,19.5,inf,5.5
NW Bracken,436,250,0,72.4,inf,3.44
Naeem Islam,223,173,0,37.1,inf,4.65
Nasir Aziz,96,100,0,16.0,inf,6.25
Nasir Hossain,115,98,0,19.1,inf,5.11
Nasum Ahmed,148,171,0,24.4,inf,6.93
Naved-ul-Hasan,56,47,0,9.2,inf,5.04
Nazmul Hossain Shanto,6,5,0,1.0,inf,5.0
O Thomas,330,310,0,55.0,inf,5.64
P Utseya,457,305,0,76.1,inf,4.0
PA Desai,18,20,0,3.0,inf,6.67
PA de Silva,353,271,0,58.5,inf,4.61
PA van Meekeren,433,390,0,72.1,inf,5.4
PD Collingwood,515,418,0,85.5,inf,4.87
PHT Kaushal,36,25,0,6.0,inf,4.17
PJ Cummins,1070,884,0,178.2,inf,4.96
PJ Ongondo,481,364,0,80.1,inf,4.54
PJC Hoffmann,104,102,0,17.2,inf,5.88
PJK Mooney,24,37,0,4.0,inf,9.25
PM Seelaar,360,302,0,60.0,inf,5.03
PP Chawla,175,163,0,29.1,inf,5.59
PR Stirling,487,397,0,81.1,inf,4.89
PT Collins,166,141,0,27.4,inf,5.1
PVD Chameera,196,212,0,32.4,inf,6.49
PW Borren,217,239,0,36.1,inf,6.61
PW Gunaratne,234,223,0,39.0,inf,5.72
R Ashwin,649,450,0,108.1,inf,4.16
R Klein,43,38,0,7.1,inf,5.3
R Rampaul,92,73,0,15.2,inf,4.76
R Ravindra,368,355,0,61.2,inf,5.79
RA Jadeja,1039,784,0,173.1,inf,4.53
RAP Nissanka,131,79,0,21.5,inf,3.62
RAS Lakmal,222,241,0,37.0,inf,6.51
RC Irani,83,58,0,13.5,inf,4.19
RD Berrington,81,90,0,13.3,inf,6.67
RDM Leverock,141,182,0,23.3,inf,7.74
RE van der Merwe,309,281,0,51.3,inf,5.46
RG Sharma,23,28,0,3.5,inf,7.3
RJ Peterson,451,313,0,75.1,inf,4.16
RJ van Vuuren,307,291,0,51.1,inf,5.69
RJW Topley,117,127,0,19.3,inf,6.51
RL Powell,13,13,0,2.1,inf,6.0
RM Haq,249,238,0,41.3,inf,5.73
RML Taylor,116,100,0,19.2,inf,5.17
RN ten Doeschate,453,448,0,75.3,inf,5.93
RP Arnold,208,172,0,34.4,inf,4.96
RP Lefebvre,199,115,0,33.1,inf,3.47
RR Rossouw,12,13,0,2.0,inf,6.5
RR Sarwan,79,72,0,13.1,inf,5.47
RS Bopara,181,109,0,30.1,inf,3.61
RW Price,300,163,0,50.0,inf,3.26
Rahat Ali,275,181,0,45.5,inf,3.95
Rizwan Cheema,250,243,0,41.4,inf,5.83
Rohan Mustafa,74,70,0,12.2,inf,5.68
Rubel Hossain,625,600,0,104.1,inf,5.76
S Dhaniram,108,113,0,18.0,inf,6.28
S Matsikenyeri,19,18,0,3.1,inf,5.68
S Mukuddem,97,61,0,16.1,inf,3.77
S Prasanna,108,134,0,18.0,inf,7.44
S Randiv,54,43,0,9.0,inf,4.78
S Sreesanth,82,97,0,13.4,inf,7.1
S Thuraisingam,119,102,0,19.5,inf,5.14
SA Abbott,61,60,0,10.1,inf,5.9
SA Yadav,12,17,0,2.0,inf,8.5
SB Styris,738,531,0,123.0,inf,4.32
SC Ganguly,149,105,0,24.5,inf,4.23
SC Williams,434,395,0,72.2,inf,5.46
SCJ Broad,435,404,0,72.3,inf,5.57
SE Bond,927,476,0,154.3,inf,3.08
SF Burger,68,65,0,11.2,inf,5.74
SF Mire,123,135,0,20.3,inf,6.59
SI Mahmood,303,242,0,50.3,inf,4.79
SJ Benn,469,409,0,78.1,inf,5.23
SK Raina,102,76,0,17.0,inf,4.47
SL Malinga,1361,1123,0,226.5,inf,4.95
SM Curran,84,90,0,14.0,inf,6.43
SM Ervine,75,84,0,12.3,inf,6.72
SM Pollock,810,445,0,135.0,inf,3.3
SMSM Senanayake,54,59,0,9.0,inf,6.56
SN Thakur,66,71,0,11.0,inf,6.45
SO Ngoche,85,84,0,14.1,inf,5.93
SO Tikolo,369,283,0,61.3,inf,4.6
SPD Smith,200,188,0,33.2,inf,5.64
SR Clark,49,18,0,8.1,inf,2.2
SR Tendulkar,216,131,0,36.0,inf,3.64
SR Thompson,103,93,0,17.1,inf,5.42
SR Watson,669,549,0,111.3,inf,4.92
SS Cottrell,373,332,0,62.1,inf,5.34
ST Finn,176,198,0,29.2,inf,6.75
ST Gabriel,134,162,0,22.2,inf,7.25
ST Jayasuriya,800,599,0,133.2,inf,4.49
SW Masakadza,41,35,0,6.5,inf,5.12
SW Tait,909,619,0,151.3,inf,4.09
Sabbir Rahman,91,98,0,15.1,inf,6.46
Saeed Ajmal,162,82,0,27.0,inf,3.04
Saeed Anwar,24,15,0,4.0,inf,3.75
Sanwar Hossain,134,92,0,22.2,inf,4.12
Saqib Zulfiqar,12,15,0,2.0,inf,7.5
Saqlain Mushtaq,112,77,0,18.4,inf,4.12
Shadab Khan,470,462,0,78.2,inf,5.9
Shafiul Islam,244,195,0,40.4,inf,4.8
Shahadat Hossain,57,48,0,9.3,inf,5.05
Shaheen Shah Afridi,675,584,0,112.3,inf,5.19
Shahid Afridi,983,701,0,163.5,inf,4.28
Shaiman Anwar,4,4,0,0.4,inf,6.0
Shakib Al Hasan,1660,1432,0,276.4,inf,5.18
Shariz Ahmad,12,13,0,2.0,inf,6.5
Shoaib Akhtar,439,333,0,73.1,inf,4.55
Shoaib Malik,80,78,0,13.2,inf,5.85
Shoriful Islam,359,366,0,59.5,inf,6.12
Shubman Gill,12,11,0,2.0,inf,5.5
Sikandar Raza,246,190,0,41.0,inf,4.63
Sohaib Maqsood,37,23,0,6.1,inf,3.73
Sohail Khan,384,351,0,64.0,inf,5.48
Soumya Sarkar,110,108,0,18.2,inf,5.89
Suhrawadi Shuvo,60,33,0,10.0,inf,3.3
Syed Rasel,379,228,0,63.1,inf,3.61
T Kamungozi,126,124,0,21.0,inf,5.9
T Mupariwa,290,236,0,48.2,inf,4.88
T Panyangara,426,462,0,71.0,inf,6.51
T Shamsi,353,310,0,58.5,inf,5.27
TA Boult,1534,1242,0,255.4,inf,4.86
TAM Siriwardana,12,17,0,2.0,inf,8.5
TBM de Leede,351,321,0,58.3,inf,5.49
TG Gordon,4,0,0,0.4,,0.0
TG Southee,1142,1027,0,190.2,inf,5.4
TJ Friend,13,12,0,2.1,inf,5.54
TL Chatara,386,312,0,64.2,inf,4.85
TLW Cooper,165,152,0,27.3,inf,5.53
TM Dilshan,617,429,0,102.5,inf,4.17
TM Head,109,85,0,18.1,inf,4.68
TM Odoyo,598,392,0,99.4,inf,3.93
TT Bresnan,382,305,0,63.4,inf,4.79
TT Samaraweera,12,4,0,2.0,inf,2.0
Taijul Islam,60,58,0,10.0,inf,5.8
Talha Jubair,77,52,0,12.5,inf,4.05
Tanzim Hasan Sakib,62,78,0,10.2,inf,7.55
Tapash Baisya,134,136,0,22.2,inf,6.09
Taskin Ahmed,574,559,0,95.4,inf,5.84
U Bhatti,83,63,0,13.5,inf,4.55
UT Yadav,408,299,0,68.0,inf,4.4
Umar Gul,524,310,0,87.2,inf,3.55
Usama Mir,166,189,0,27.4,inf,6.83
V Kohli,39,34,0,6.3,inf,5.23
V Sehwag,197,114,0,32.5,inf,3.47
V Shankar,34,20,0,5.4,inf,3.53
VC Drakes,258,168,0,43.0,inf,3.91
VD Philander,176,130,0,29.2,inf,4.43
Vikramjit Singh,43,51,0,7.1,inf,7.12
WB Rankin,752,567,0,125.2,inf,4.52
WD Balaji Rao,327,288,0,54.3,inf,5.28
WD Parnell,84,83,0,14.0,inf,5.93
WF Stelling,100,51,0,16.4,inf,3.06
WK McCallan,355,225,0,59.1,inf,3.8
WPUJC Vaas,961,557,0,160.1,inf,3.48
WW Hinds,108,81,0,18.0,inf,4.5
Wahab Riaz,996,847,0,166.0,inf,5.1
Waqar Younis,189,167,0,31.3,inf,5.3
Wasim Akram,314,171,0,52.2,inf,3.27
XJ Doherty,42,60,0,7.0,inf,8.57
YK Pathan,212,165,0,35.2,inf,4.67
YS Chahal,398,388,0,66.2,inf,5.85
Yasir Shah,48,60,0,8.0,inf,7.5
Younis Khan,44,39,0,7.2,inf,5.32
Yuvraj Singh,557,459,0,92.5,inf,4.94
Z Khan,1268,800,0,211.2,inf,3.79
