match_file,date,team1,team2,winner,margin,venue
65285.yaml,2003-03-20,India,Kenya,India,91 runs,"Kingsmead, Durban"
247465.yaml,2007-03-17,Ireland,Pakistan,Ireland,3 wickets,"Sabina Park, Kingston"
1384427.yaml,2023-11-04,Australia,England,Australia,33 runs,"Narendra Modi Stadium, Ahmedabad"
1384431.yaml,2023-11-08,England,Netherlands,England,160 runs,"Maharashtra Cricket Association Stadium, Pune"
247473.yaml,2007-03-21,Pakistan,Zimbabwe,Pakistan,93 runs,"Sabina Park, Kingston"
433586.yaml,2011-03-12,India,South Africa,South Africa,3 wickets,"Vidarbha Cricket Association Stadium, Jamtha"
65250.yaml,2003-02-19,India,Zimbabwe,India,83 runs,Harare Sports Club
433569.yaml,2011-02-28,Netherlands,West Indies,West Indies,215 runs,Feroz Shah Kotla
656477.yaml,2015-03-14,Australia,Scotland,Australia,7 wickets,Bellerive Oval
1144520.yaml,2019-06-30,England,India,England,31 runs,Edgbaston
433590.yaml,2011-03-14,Bangladesh,Netherlands,Bangladesh,6 wickets,Zahur Ahmed Chowdhury Stadium
65246.yaml,2003-02-16,Netherlands,England,England,6 wickets,"Buffalo Park, East London"
656461.yaml,2015-03-08,Australia,Sri Lanka,Australia,64 runs,Sydney Cricket Ground
433601.yaml,2011-03-24,India,Australia,India,5 wickets,"Sardar Patel Stadium, Motera"
1144516.yaml,2019-06-27,India,West Indies,India,125 runs,Old Trafford
656441.yaml,2015-03-01,England,Sri Lanka,Sri Lanka,9 wickets,Westpac Stadium
65266.yaml,2003-02-28,Sri Lanka,West Indies,Sri Lanka,6 runs,"Newlands, Cape Town"
247486.yaml,2007-04-01,West Indies,Sri Lanka,Sri Lanka,113 runs,Providence Stadium
247469.yaml,2007-03-19,West Indies,Zimbabwe,West Indies,6 wickets,"Sabina Park, Kingston"
247490.yaml,2007-04-07,Bangladesh,South Africa,Bangladesh,67 runs,Providence Stadium
656457.yaml,2015-03-07,Ireland,Zimbabwe,Ireland,5 runs,Bellerive Oval
65270.yaml,2003-03-03,Canada,New Zealand,New Zealand,5 wickets,"Willowmoore Park, Benoni"
1384411.yaml,2023-10-21,South Africa,England,South Africa,229 runs,"Wankhede Stadium, Mumbai"
433565.yaml,2011-02-25,Australia,New Zealand,Australia,7 wickets,"Vidarbha Cricket Association Stadium, Jamtha"
1144490.yaml,2019-06-05,India,South Africa,India,6 wickets,The Rose Bowl
433573.yaml,2011-03-03,Netherlands,South Africa,South Africa,231 runs,"Punjab Cricket Association Stadium, Mohali"
247500.yaml,2007-04-17,England,South Africa,South Africa,9 wickets,"Kensington Oval, Bridgetown"
1384406.yaml,2023-10-17,Netherlands,South Africa,Netherlands,38 runs,"Himachal Pradesh Cricket Association Stadium, Dharamsala"
247501.yaml,2007-04-18,Ireland,Sri Lanka,Sri Lanka,8 wickets,"National Cricket Stadium, St George's"
433572.yaml,2011-03-02,England,Ireland,Ireland,3 wickets,M Chinnaswamy Stadium
1144491.yaml,2019-06-05,Bangladesh,New Zealand,New Zealand,2 wickets,Kennington Oval
656483.yaml,2015-03-18,South Africa,Sri Lanka,South Africa,9 wickets,Sydney Cricket Ground
433564.yaml,2011-02-24,South Africa,West Indies,South Africa,7 wickets,Feroz Shah Kotla
656495.yaml,2015-03-29,Australia,New Zealand,Australia,7 wickets,Melbourne Cricket Ground
1144487.yaml,2019-06-02,Bangladesh,South Africa,Bangladesh,21 runs,Kennington Oval
1384410.yaml,2023-10-21,Netherlands,Sri Lanka,Sri Lanka,5 wickets,"Bharat Ratna Shri Atal Bihari Vajpayee Ekana Cricket Stadium, Lucknow"
65271.yaml,2003-03-03,Netherlands,Namibia,Netherlands,64 runs,"Goodyear Park, Bloemfontein"
1144501.yaml,2019-06-14,England,West Indies,England,8 wickets,The Rose Bowl
247491.yaml,2007-04-08,Australia,England,Australia,7 wickets,"Sir Vivian Richards Stadium, North Sound"
656401.yaml,2015-02-14,Australia,England,Australia,111 runs,Melbourne Cricket Ground
247487.yaml,2007-04-02,Bangladesh,New Zealand,New Zealand,9 wickets,"Sir Vivian Richards Stadium, North Sound"
656417.yaml,2015-02-21,Pakistan,West Indies,West Indies,150 runs,Hagley Oval
247468.yaml,2007-03-19,Bermuda,India,India,257 runs,"Queen's Park Oval, Port of Spain"
65267.yaml,2003-03-01,Kenya,Bangladesh,Kenya,32 runs,"New Wanderers Stadium, Johannesburg"
1144517.yaml,2019-06-28,South Africa,Sri Lanka,South Africa,9 wickets,Riverside Ground
656437.yaml,2015-02-28,New Zealand,Australia,New Zealand,1 wickets,Eden Park
433600.yaml,2011-03-23,Pakistan,West Indies,Pakistan,10 wickets,Shere Bangla National Stadium
433591.yaml,2011-03-15,Ireland,South Africa,South Africa,131 runs,Eden Gardens
65247.yaml,2003-02-16,Pakistan,Namibia,Pakistan,171 runs,"De Beers Diamond Oval, Kimberley"
1144521.yaml,2019-07-01,Sri Lanka,West Indies,Sri Lanka,23 runs,Riverside Ground
433587.yaml,2011-03-13,Canada,New Zealand,New Zealand,97 runs,Wankhede Stadium
65251.yaml,2003-02-19,Canada,Sri Lanka,Sri Lanka,9 wickets,"Boland Bank Park, Paarl"
433568.yaml,2011-02-27,India,England,,,M Chinnaswamy Stadium
247472.yaml,2007-03-21,Bangladesh,Sri Lanka,Sri Lanka,198 runs,"Queen's Park Oval, Port of Spain"
247464.yaml,2007-03-17,Bangladesh,India,Bangladesh,5 wickets,"Queen's Park Oval, Port of Spain"
1384426.yaml,2023-11-04,New Zealand,Pakistan,Pakistan,21 runs,"M Chinnaswamy Stadium, Bengaluru"
65284.yaml,2003-03-18,Australia,Sri Lanka,Australia,48 runs,"St George's Park, Port Elizabeth"
656447.yaml,2015-03-04,Pakistan,United Arab Emirates,Pakistan,129 runs,McLean Park
65260.yaml,2003-02-25,Pakistan,Netherlands,Pakistan,97 runs,"Boland Bank Park, Paarl"
433559.yaml,2011-02-20,Kenya,New Zealand,New Zealand,10 wickets,"MA Chidambaram Stadium, Chepauk"
247480.yaml,2007-03-25,Bangladesh,Bermuda,Bangladesh,7 wickets,"Queen's Park Oval, Port of Spain"
65237.yaml,2003-02-10,Sri Lanka,New Zealand,Sri Lanka,47 runs,"Goodyear Park, Bloemfontein"
247496.yaml,2007-04-13,Australia,Ireland,Australia,9 wickets,"Kensington Oval, Bridgetown"
247479.yaml,2007-03-24,England,Kenya,England,7 wickets,"Beausejour Stadium, Gros Islet"
656451.yaml,2015-03-05,Bangladesh,Scotland,Bangladesh,6 wickets,Saxton Oval
65276.yaml,2003-03-07,Kenya,India,India,6 wickets,"Newlands, Cape Town"
1384417.yaml,2023-10-27,Pakistan,South Africa,South Africa,1 wickets,"MA Chidambaram Stadium, Chepauk, Chennai"
433563.yaml,2011-02-23,Kenya,Pakistan,Pakistan,205 runs,"Mahinda Rajapaksa International Cricket Stadium, Sooriyawewa"
1144496.yaml,2019-06-09,Australia,India,India,36 runs,Kennington Oval
433575.yaml,2011-03-04,New Zealand,Zimbabwe,New Zealand,10 wickets,"Sardar Patel Stadium, Motera"
1384401.yaml,2023-10-12,South Africa,Australia,South Africa,134 runs,"Bharat Ratna Shri Atal Bihari Vajpayee Ekana Cricket Stadium, Lucknow"
247506.yaml,2007-04-25,Australia,South Africa,Australia,7 wickets,"Beausejour Stadium, Gros Islet"
1384397.yaml,2023-10-09,New Zealand,Netherlands,New Zealand,99 runs,"Rajiv Gandhi International Stadium, Uppal, Hyderabad"
65283.yaml,2003-03-15,Kenya,Australia,Australia,5 wickets,"Kingsmead, Durban"
247463.yaml,2007-03-16,England,New Zealand,New Zealand,6 wickets,"Beausejour Stadium, Gros Islet"
1384437.yaml,2023-11-15,India,New Zealand,India,70 runs,"Wankhede Stadium, Mumbai"
247475.yaml,2007-03-22,Canada,New Zealand,New Zealand,114 runs,"Beausejour Stadium, Gros Islet"
433580.yaml,2011-03-07,Canada,Kenya,Canada,5 wickets,Feroz Shah Kotla
65256.yaml,2003-02-23,Canada,West Indies,West Indies,7 wickets,"SuperSport Park, Centurion"
656471.yaml,2015-03-13,New Zealand,Bangladesh,New Zealand,3 wickets,Seddon Park
1144526.yaml,2019-07-06,India,Sri Lanka,India,7 wickets,Headingley
433596.yaml,2011-03-19,Australia,Pakistan,Pakistan,4 wickets,R Premadasa Stadium
65240.yaml,2003-02-12,Kenya,South Africa,South Africa,10 wickets,"North West Cricket Stadium, Potchefstroom"
433579.yaml,2011-03-06,England,South Africa,England,6 runs,"MA Chidambaram Stadium, Chepauk"
656467.yaml,2015-03-11,Scotland,Sri Lanka,Sri Lanka,148 runs,Bellerive Oval
1144530.yaml,2019-07-14,England,New Zealand,,,Lord's
433606.yaml,2011-04-02,India,Sri Lanka,India,6 wickets,Wankhede Stadium
656489.yaml,2015-03-21,New Zealand,West Indies,New Zealand,143 runs,Westpac Stadium
433597.yaml,2011-03-19,Bangladesh,South Africa,South Africa,206 runs,Shere Bangla National Stadium
65241.yaml,2003-02-12,India,Netherlands,India,68 runs,"Boland Bank Park, Paarl"
433578.yaml,2011-03-06,India,Ireland,India,5 wickets,M Chinnaswamy Stadium
1144527.yaml,2019-07-06,Australia,South Africa,South Africa,10 runs,Old Trafford
433581.yaml,2011-03-08,New Zealand,Pakistan,New Zealand,110 runs,Pallekele International Cricket Stadium
65257.yaml,2003-02-23,India,Namibia,India,181 runs,"City Oval, Pietermaritzburg"
247458.yaml,2007-03-14,Australia,Scotland,Australia,203 runs,"Warner Park, Basseterre"
656427.yaml,2015-02-24,West Indies,Zimbabwe,West Indies,73 runs,Manuka Oval
1384436.yaml,2023-11-12,India,Netherlands,India,160 runs,"M Chinnaswamy Stadium, Bengaluru"
247474.yaml,2007-03-22,Netherlands,Scotland,Netherlands,8 wickets,"Warner Park, Basseterre"
247462.yaml,2007-03-16,Netherlands,South Africa,South Africa,221 runs,"Warner Park, Basseterre"
1384420.yaml,2023-10-29,India,England,India,100 runs,"Bharat Ratna Shri Atal Bihari Vajpayee Ekana Cricket Stadium, Lucknow"
65282.yaml,2003-03-15,Sri Lanka,Zimbabwe,Sri Lanka,74 runs,"Buffalo Park, East London"
1384396.yaml,2023-10-08,Australia,India,India,6 wickets,"MA Chidambaram Stadium, Chepauk, Chennai"
247507.yaml,2007-04-28,Australia,Sri Lanka,Australia,53 runs,"Kensington Oval, Bridgetown"
433574.yaml,2011-03-03,Canada,Pakistan,Pakistan,46 runs,R Premadasa Stadium
656485.yaml,2015-03-19,Bangladesh,India,India,109 runs,Melbourne Cricket Ground
1144497.yaml,2019-06-10,South Africa,West Indies,,,The Rose Bowl
433562.yaml,2011-02-22,England,Netherlands,England,6 wickets,"Vidarbha Cricket Association Stadium, Jamtha"
656493.yaml,2015-03-26,Australia,India,Australia,95 runs,Sydney Cricket Ground
1384416.yaml,2023-10-26,England,Sri Lanka,Sri Lanka,8 wickets,"M Chinnaswamy Stadium, Bengaluru"
65277.yaml,2003-03-08,Zimbabwe,New Zealand,New Zealand,6 wickets,"Goodyear Park, Bloemfontein"
1144507.yaml,2019-06-19,New Zealand,South Africa,New Zealand,4 wickets,Edgbaston
247497.yaml,2007-04-14,New Zealand,South Africa,New Zealand,5 wickets,"National Cricket Stadium, St George's"
247478.yaml,2007-03-24,Australia,South Africa,Australia,83 runs,"Warner Park, Basseterre"
656407.yaml,2015-02-16,Ireland,West Indies,Ireland,4 wickets,Saxton Oval
65236.yaml,2003-02-10,Zimbabwe,Namibia,Zimbabwe,86 runs,Harare Sports Club
247481.yaml,2007-03-27,West Indies,Australia,Australia,103 runs,"Sir Vivian Richards Stadium, North Sound"
65261.yaml,2003-02-26,Bangladesh,New Zealand,New Zealand,7 wickets,"De Beers Diamond Oval, Kimberley"
433558.yaml,2011-02-19,Bangladesh,India,India,87 runs,Shere Bangla National Stadium
1144511.yaml,2019-06-22,New Zealand,West Indies,New Zealand,5 runs,Old Trafford
1384395.yaml,2023-10-07,South Africa,Sri Lanka,South Africa,102 runs,"Arun Jaitley Stadium, Delhi"
247504.yaml,2007-04-21,West Indies,England,England,1 wickets,"Kensington Oval, Bridgetown"
1384403.yaml,2023-10-14,Pakistan,India,India,7 wickets,"Narendra Modi Stadium, Ahmedabad"
433577.yaml,2011-03-05,Sri Lanka,Australia,,,R Premadasa Stadium
433598.yaml,2011-03-20,Kenya,Zimbabwe,Zimbabwe,161 runs,Eden Gardens
1144494.yaml,2019-06-08,England,Bangladesh,England,106 runs,Sophia Gardens
656469.yaml,2015-03-12,South Africa,United Arab Emirates,South Africa,146 runs,Westpac Stadium
433561.yaml,2011-02-21,Australia,Zimbabwe,Australia,91 runs,"Sardar Patel Stadium, Motera"
65258.yaml,2003-02-24,Kenya,Sri Lanka,Kenya,53 runs,"Gymkhana Club Ground, Nairobi"
1144528.yaml,2019-07-09,India,New Zealand,New Zealand,18 runs,Old Trafford
1384415.yaml,2023-10-25,Australia,Netherlands,Australia,309 runs,"Arun Jaitley Stadium, Delhi"
247457.yaml,2007-03-13,West Indies,Pakistan,West Indies,54 runs,"Sabina Park, Kingston"
656453.yaml,2015-03-06,India,West Indies,India,4 wickets,Western Australia Cricket Association Ground
1144504.yaml,2019-06-16,India,Pakistan,India,89 runs,Old Trafford
1384439.yaml,2023-11-19,India,Australia,Australia,6 wickets,"Narendra Modi Stadium, Ahmedabad"
247494.yaml,2007-04-11,Bangladesh,England,England,4 wickets,"Kensington Oval, Bridgetown"
65235.yaml,2003-02-09,West Indies,South Africa,West Indies,3 runs,"Newlands, Cape Town"
247482.yaml,2007-03-28,South Africa,Sri Lanka,South Africa,1 wickets,Providence Stadium
65262.yaml,2003-02-26,India,England,India,82 runs,"Kingsmead, Durban"
656445.yaml,2015-03-03,Ireland,South Africa,South Africa,201 runs,Manuka Oval
1144512.yaml,2019-06-23,Pakistan,South Africa,Pakistan,49 runs,Lord's
433605.yaml,2011-03-30,India,Pakistan,India,29 runs,"Punjab Cricket Association Stadium, Mohali"
1384399.yaml,2023-10-10,Sri Lanka,Pakistan,Pakistan,6 wickets,"Rajiv Gandhi International Stadium, Uppal, Hyderabad"
656465.yaml,2015-03-10,India,Ireland,India,8 wickets,Seddon Park
65242.yaml,2003-02-13,New Zealand,West Indies,New Zealand,20 runs,"St George's Park, Port Elizabeth"
433594.yaml,2011-03-18,New Zealand,Sri Lanka,Sri Lanka,112 runs,Wankhede Stadium
65254.yaml,2003-02-22,Bangladesh,South Africa,South Africa,10 wickets,"Goodyear Park, Bloemfontein"
433582.yaml,2011-03-09,India,Netherlands,India,5 wickets,Feroz Shah Kotla
1384419.yaml,2023-10-28,Netherlands,Bangladesh,Netherlands,87 runs,"Eden Gardens, Kolkata"
1144508.yaml,2019-06-20,Australia,Bangladesh,Australia,48 runs,Trent Bridge
65278.yaml,2003-03-10,India,Sri Lanka,India,183 runs,"New Wanderers Stadium, Johannesburg"
1384435.yaml,2023-11-11,England,Pakistan,England,93 runs,"Eden Gardens, Kolkata"
247477.yaml,2007-03-23,West Indies,Ireland,West Indies,8 wickets,"Sabina Park, Kingston"
247498.yaml,2007-04-15,Bangladesh,Ireland,Ireland,74 runs,"Kensington Oval, Bridgetown"
247461.yaml,2007-03-15,Ireland,Zimbabwe,,,"Sabina Park, Kingston"
1384423.yaml,2023-11-01,South Africa,New Zealand,South Africa,190 runs,"Maharashtra Cricket Association Stadium, Pune"
65239.yaml,2003-02-11,Canada,Bangladesh,Canada,60 runs,"Kingsmead, Durban"
65281.yaml,2003-03-14,New Zealand,India,India,7 wickets,"SuperSport Park, Centurion"
65280.yaml,2003-03-12,Zimbabwe,Kenya,Kenya,7 wickets,"Goodyear Park, Bloemfontein"
65238.yaml,2003-02-11,Australia,Pakistan,Australia,82 runs,"New Wanderers Stadium, Johannesburg"
247460.yaml,2007-03-15,Bermuda,Sri Lanka,Sri Lanka,243 runs,"Queen's Park Oval, Port of Spain"
1384422.yaml,2023-10-31,Bangladesh,Pakistan,Pakistan,7 wickets,"Eden Gardens, Kolkata"
656409.yaml,2015-02-17,New Zealand,Scotland,New Zealand,3 wickets,University Oval
1384434.yaml,2023-11-11,Bangladesh,Australia,Australia,8 wickets,"Maharashtra Cricket Association Stadium, Pune"
247476.yaml,2007-03-23,India,Sri Lanka,Sri Lanka,69 runs,"Queen's Park Oval, Port of Spain"
247499.yaml,2007-04-16,Australia,Sri Lanka,Australia,7 wickets,"National Cricket Stadium, St George's"
65279.yaml,2003-03-11,Australia,New Zealand,Australia,96 runs,"St George's Park, Port Elizabeth"
1144509.yaml,2019-06-21,England,Sri Lanka,Sri Lanka,20 runs,Headingley
656425.yaml,2015-02-23,England,Scotland,England,119 runs,Hagley Oval
1384418.yaml,2023-10-28,Australia,New Zealand,Australia,5 runs,"Himachal Pradesh Cricket Association Stadium, Dharamsala"
65255.yaml,2003-02-22,England,Pakistan,England,112 runs,"Newlands, Cape Town"
433583.yaml,2011-03-10,Sri Lanka,Zimbabwe,Sri Lanka,139 runs,Pallekele International Cricket Stadium
1144525.yaml,2019-07-05,Bangladesh,Pakistan,Pakistan,94 runs,Lord's
433595.yaml,2011-03-18,Ireland,Netherlands,Ireland,6 wickets,Eden Gardens
1144499.yaml,2019-06-12,Australia,Pakistan,Australia,41 runs,The Cooper Associates County Ground
1384398.yaml,2023-10-10,England,Bangladesh,England,137 runs,"Himachal Pradesh Cricket Association Stadium, Dharamsala"
656433.yaml,2015-02-26,Bangladesh,Sri Lanka,Sri Lanka,92 runs,Melbourne Cricket Ground
433604.yaml,2011-03-29,Sri Lanka,New Zealand,Sri Lanka,5 wickets,R Premadasa Stadium
65263.yaml,2003-02-27,Australia,Namibia,Australia,256 runs,"North West Cricket Stadium, Potchefstroom"
656413.yaml,2015-02-19,United Arab Emirates,Zimbabwe,Zimbabwe,4 wickets,Saxton Oval
247483.yaml,2007-03-29,West Indies,New Zealand,New Zealand,7 wickets,"Sir Vivian Richards Stadium, North Sound"
1384438.yaml,2023-11-16,South Africa,Australia,Australia,3 wickets,"Eden Gardens, Kolkata"
656405.yaml,2015-02-15,India,Pakistan,India,76 runs,Adelaide Oval
247495.yaml,2007-04-12,New Zealand,Sri Lanka,Sri Lanka,6 wickets,"National Cricket Stadium, St George's"
1144505.yaml,2019-06-17,Bangladesh,West Indies,Bangladesh,7 wickets,The Cooper Associates County Ground
65275.yaml,2003-03-07,Australia,Sri Lanka,Australia,96 runs,"SuperSport Park, Centurion"
1384414.yaml,2023-10-24,South Africa,Bangladesh,South Africa,149 runs,"Wankhede Stadium, Mumbai"
656429.yaml,2015-02-25,Ireland,United Arab Emirates,Ireland,2 wickets,"Brisbane Cricket Ground, Woolloongabba"
656491.yaml,2015-03-24,New Zealand,South Africa,New Zealand,4 wickets,Eden Park
1144483.yaml,2019-05-30,England,South Africa,England,104 runs,Kennington Oval
1144529.yaml,2019-07-11,Australia,England,England,8 wickets,Edgbaston
433560.yaml,2011-02-20,Sri Lanka,Canada,Sri Lanka,210 runs,"Mahinda Rajapaksa International Cricket Stadium, Sooriyawewa"
65259.yaml,2003-02-24,Zimbabwe,Australia,Australia,7 wickets,"Queens Sports Club, Bulawayo"
656487.yaml,2015-03-20,Australia,Pakistan,Australia,6 wickets,Adelaide Oval
433576.yaml,2011-03-04,Bangladesh,West Indies,West Indies,9 wickets,Shere Bangla National Stadium
433599.yaml,2011-03-20,India,West Indies,India,80 runs,"MA Chidambaram Stadium, Chepauk"
247505.yaml,2007-04-24,New Zealand,Sri Lanka,Sri Lanka,81 runs,"Sabina Park, Kingston"
1384402.yaml,2023-10-13,Bangladesh,New Zealand,New Zealand,8 wickets,"MA Chidambaram Stadium, Chepauk, Chennai"
433603.yaml,2011-03-26,Sri Lanka,England,Sri Lanka,10 wickets,R Premadasa Stadium
1384409.yaml,2023-10-20,Australia,Pakistan,Australia,62 runs,"M Chinnaswamy Stadium, Bengaluru"
656463.yaml,2015-03-09,Bangladesh,England,Bangladesh,15 runs,Adelaide Oval
65244.yaml,2003-02-15,India,Australia,Australia,9 wickets,"SuperSport Park, Centurion"
433592.yaml,2011-03-16,Australia,Canada,Australia,7 wickets,M Chinnaswamy Stadium
1144522.yaml,2019-07-02,Bangladesh,India,India,28 runs,Edgbaston
1144488.yaml,2019-06-03,England,Pakistan,Pakistan,14 runs,Trent Bridge
656475.yaml,2015-03-14,India,Zimbabwe,India,6 wickets,Eden Park
65252.yaml,2003-02-19,England,Namibia,England,55 runs,"St George's Park, Port Elizabeth"
433584.yaml,2011-03-11,Ireland,West Indies,West Indies,44 runs,"Punjab Cricket Association Stadium, Mohali"
247471.yaml,2007-03-20,Kenya,New Zealand,New Zealand,148 runs,"Beausejour Stadium, Gros Islet"
247467.yaml,2007-03-18,Canada,England,England,51 runs,"Beausejour Stadium, Gros Islet"
247488.yaml,2007-04-03,Ireland,South Africa,South Africa,7 wickets,Providence Stadium
65268.yaml,2003-03-01,Pakistan,India,India,6 wickets,"SuperSport Park, Centurion"
1384393.yaml,2023-10-06,Pakistan,Netherlands,Pakistan,81 runs,"Rajiv Gandhi International Stadium, Uppal, Hyderabad"
247502.yaml,2007-04-19,West Indies,Bangladesh,West Indies,99 runs,"Kensington Oval, Bridgetown"
1384405.yaml,2023-10-16,Sri Lanka,Australia,Australia,5 wickets,"Bharat Ratna Shri Atal Bihari Vajpayee Ekana Cricket Stadium, Lucknow"
433571.yaml,2011-03-01,Sri Lanka,Kenya,Sri Lanka,9 wickets,R Premadasa Stadium
65248.yaml,2003-02-16,South Africa,New Zealand,New Zealand,9 wickets,"New Wanderers Stadium, Johannesburg"
1144492.yaml,2019-06-06,Australia,West Indies,Australia,15 runs,Trent Bridge
433567.yaml,2011-02-26,Sri Lanka,Pakistan,Pakistan,11 runs,R Premadasa Stadium
433588.yaml,2011-03-13,Australia,Kenya,Australia,60 runs,M Chinnaswamy Stadium
1144484.yaml,2019-05-31,Pakistan,West Indies,West Indies,7 wickets,Trent Bridge
656479.yaml,2015-03-15,United Arab Emirates,West Indies,West Indies,6 wickets,McLean Park
65272.yaml,2003-03-03,Sri Lanka,South Africa,,,"Kingsmead, Durban"
656455.yaml,2015-03-07,Pakistan,South Africa,Pakistan,29 runs,Eden Park
1144502.yaml,2019-06-15,Australia,Sri Lanka,Australia,87 runs,Kennington Oval
247492.yaml,2007-04-09,Ireland,New Zealand,New Zealand,129 runs,Providence Stadium
1384429.yaml,2023-11-06,Sri Lanka,Bangladesh,Bangladesh,3 wickets,"Arun Jaitley Stadium, Delhi"
247484.yaml,2007-03-30,England,Ireland,England,48 runs,Providence Stadium
65264.yaml,2003-02-27,South Africa,Canada,South Africa,118 runs,"Buffalo Park, East London"
656443.yaml,2015-03-01,Pakistan,Zimbabwe,Pakistan,20 runs,"Brisbane Cricket Ground, Woolloongabba"
1144514.yaml,2019-06-25,England,Australia,Australia,64 runs,Lord's
1144515.yaml,2019-06-26,New Zealand,Pakistan,Pakistan,6 wickets,Edgbaston
65265.yaml,2003-02-28,Zimbabwe,Netherlands,Zimbabwe,99 runs,"Queens Sports Club, Bulawayo"
1384428.yaml,2023-11-05,India,South Africa,India,243 runs,"Eden Gardens, Kolkata"
656415.yaml,2015-02-20,New Zealand,England,New Zealand,8 wickets,Westpac Stadium
247485.yaml,2007-03-31,Australia,Bangladesh,Australia,10 wickets,"Sir Vivian Richards Stadium, North Sound"
656403.yaml,2015-02-15,South Africa,Zimbabwe,South Africa,62 runs,Seddon Park
247493.yaml,2007-04-10,West Indies,South Africa,South Africa,67 runs,"National Cricket Stadium, St George's"
65273.yaml,2003-03-04,Pakistan,Zimbabwe,,,"Queens Sports Club, Bulawayo"
1384412.yaml,2023-10-22,New Zealand,India,India,4 wickets,"Himachal Pradesh Cricket Association Stadium, Dharamsala"
1144485.yaml,2019-06-01,New Zealand,Sri Lanka,New Zealand,10 wickets,Sophia Gardens
433566.yaml,2011-02-25,Bangladesh,Ireland,Bangladesh,27 runs,Shere Bangla National Stadium
433589.yaml,2011-03-14,Pakistan,Zimbabwe,Pakistan,7 wickets,Pallekele International Cricket Stadium
656481.yaml,2015-03-15,Ireland,Pakistan,Pakistan,7 wickets,Adelaide Oval
433570.yaml,2011-02-28,Canada,Zimbabwe,Zimbabwe,175 runs,"Vidarbha Cricket Association Stadium, Jamtha"
65249.yaml,2003-02-18,West Indies,Bangladesh,,,"Willowmoore Park, Benoni"
247503.yaml,2007-04-20,Australia,New Zealand,Australia,215 runs,"National Cricket Stadium, St George's"
656439.yaml,2015-02-28,India,United Arab Emirates,India,9 wickets,Western Australia Cricket Association Ground
1384392.yaml,2023-10-05,England,New Zealand,New Zealand,9 wickets,"Narendra Modi Stadium, Ahmedabad"
65286.yaml,2003-03-23,Australia,India,Australia,125 runs,"New Wanderers Stadium, Johannesburg"
65269.yaml,2003-03-02,England,Australia,Australia,2 wickets,"St George's Park, Port Elizabeth"
1144519.yaml,2019-06-29,Australia,New Zealand,Australia,86 runs,Lord's
247466.yaml,2007-03-18,Australia,Netherlands,Australia,229 runs,"Warner Park, Basseterre"
1384424.yaml,2023-11-02,India,Sri Lanka,India,302 runs,"Wankhede Stadium, Mumbai"
247489.yaml,2007-04-04,England,Sri Lanka,Sri Lanka,2 runs,"Sir Vivian Richards Stadium, North Sound"
656399.yaml,2015-02-14,New Zealand,Sri Lanka,New Zealand,98 runs,Hagley Oval
1384432.yaml,2023-11-09,Sri Lanka,New Zealand,New Zealand,5 wickets,"M Chinnaswamy Stadium, Bengaluru"
247470.yaml,2007-03-20,Scotland,South Africa,South Africa,7 wickets,"Warner Park, Basseterre"
656423.yaml,2015-02-22,India,South Africa,India,130 runs,Melbourne Cricket Ground
433585.yaml,2011-03-11,Bangladesh,England,Bangladesh,2 wickets,Zahur Ahmed Chowdhury Stadium
1144523.yaml,2019-07-03,England,New Zealand,England,119 runs,Riverside Ground
65245.yaml,2003-02-15,Canada,Kenya,Kenya,4 wickets,"Newlands, Cape Town"
433593.yaml,2011-03-17,England,West Indies,England,18 runs,"MA Chidambaram Stadium, Chepauk"
433602.yaml,2011-03-25,New Zealand,South Africa,New Zealand,49 runs,Shere Bangla National Stadium
656435.yaml,2015-02-27,South Africa,West Indies,South Africa,257 runs,Sydney Cricket Ground
1384408.yaml,2023-10-19,Bangladesh,India,India,7 wickets,"Maharashtra Cricket Association Stadium, Pune"
