year,batter,runs,balls,outs,average,strike_rate
2003,A Bagai,56,113,0,inf,49.56
2003,A Codrington,28,72,0,inf,38.89
2003,A Flintoff,156,219,0,inf,71.23
2003,A Flower,332,472,0,inf,70.34
2003,A Kumble,25,47,0,inf,53.19
2003,A Nehra,8,4,0,inf,200.0
2003,A Patel,25,30,0,inf,83.33
2003,A Symonds,326,365,0,inf,89.32
2003,AC Gilchrist,408,402,0,inf,101.49
2003,ADR Campbell,7,25,0,inf,28.0
2003,AF Giles,19,33,0,inf,57.58
2003,AF Sattaur,20,63,0,inf,31.75
2003,AJ Bichel,117,141,0,inf,82.98
2003,AJ Burger,199,204,0,inf,97.55
2003,AJ Hall,22,11,0,inf,200.0
2003,AJ Stewart,136,204,0,inf,66.67
2003,AM Blignaut,123,91,0,inf,135.16
2003,AM Samad,12,20,0,inf,60.0
2003,AO Suji,7,16,0,inf,43.75
2003,AR Adams,90,78,0,inf,115.38
2003,AR Caddick,25,57,0,inf,43.86
2003,AY Karim,0,2,0,,0.0
2003,Abdul Razzaq,99,153,0,inf,64.71
2003,Adeel Raja,2,15,0,inf,13.33
2003,Akram Khan,57,102,0,inf,55.88
2003,Al Sahariar,28,60,0,inf,46.67
2003,Alok Kapali,48,94,0,inf,51.06
2003,B Lee,23,36,0,inf,63.89
2003,B Zuiderent,30,81,0,inf,37.04
2003,BA Murphy,3,11,0,inf,27.27
2003,BB McCullum,41,76,0,inf,53.95
2003,BB Seebaran,4,14,0,inf,28.57
2003,BC Lara,238,282,0,inf,84.4
2003,BJ Patel,45,92,0,inf,48.91
2003,BL Kotze,27,52,0,inf,51.92
2003,BO van Rooi,26,39,0,inf,66.67
2003,C White,79,84,0,inf,94.05
2003,CB Wishart,293,347,0,inf,84.44
2003,CD McMillan,125,160,0,inf,78.12
2003,CH Gayle,87,151,0,inf,57.62
2003,CL Cairns,223,278,0,inf,80.22
2003,CL Hooper,93,118,0,inf,78.81
2003,CO Obuya,75,105,0,inf,71.43
2003,CRD Fernando,30,34,0,inf,88.24
2003,CZ Harris,116,172,0,inf,67.44
2003,D Joseph,13,27,0,inf,48.15
2003,D Keulder,132,221,0,inf,59.73
2003,D Mongia,120,211,0,inf,56.87
2003,DA Gunawardene,42,67,0,inf,62.69
2003,DA Marillier,41,56,0,inf,73.21
2003,DB Kotze,82,135,0,inf,60.74
2003,DD Ebrahim,79,127,0,inf,62.2
2003,DL Vettori,36,76,0,inf,47.37
2003,DLS van Bunge,134,249,0,inf,53.82
2003,DO Obuya,7,29,0,inf,24.14
2003,DPMD Jayawardene,21,58,0,inf,36.21
2003,DR Chumney,68,112,0,inf,60.71
2003,DR Martyn,256,322,0,inf,79.5
2003,DR Tuffey,15,17,0,inf,88.24
2003,DS Lehmann,195,235,0,inf,82.98
2003,DT Hondo,3,27,0,inf,11.11
2003,E Schiferli,66,113,0,inf,58.41
2003,Ehsanul Haque,28,76,0,inf,36.84
2003,G Kirsten,186,228,0,inf,81.58
2003,G Snyman,5,9,0,inf,55.56
2003,GB Hogg,42,62,0,inf,67.74
2003,GB Murgatroyd,90,148,0,inf,60.81
2003,GC Smith,121,147,0,inf,82.31
2003,GD McGrath,3,2,0,inf,150.0
2003,GJ Whittall,59,71,0,inf,83.1
2003,GW Flower,177,227,0,inf,77.97
2003,HH Dippenaar,108,162,0,inf,66.67
2003,HH Gibbs,384,390,0,inf,98.46
2003,HH Streak,166,170,0,inf,97.65
2003,HJC Mol,38,103,0,inf,36.89
2003,HK Olonga,3,12,0,inf,25.0
2003,HP Tillakaratne,178,313,0,inf,56.87
2003,HS Modi,101,270,0,inf,37.41
2003,Habibul Bashar,0,10,0,,0.0
2003,Hannan Sarkar,34,64,0,inf,53.12
2003,Harbhajan Singh,58,59,0,inf,98.31
2003,I Maraj,98,273,0,inf,35.9
2003,ID Blackwell,38,30,0,inf,126.67
2003,IJ Harvey,66,86,0,inf,76.74
2003,IS Billcliff,147,254,0,inf,57.87
2003,Inzamam-ul-Haq,19,42,0,inf,45.24
2003,J Mubarak,0,2,0,,0.0
2003,J Smits,58,136,0,inf,42.65
2003,J Srinath,1,7,0,inf,14.29
2003,JDP Oram,35,75,0,inf,46.67
2003,JF Kloppenburg,149,240,0,inf,62.08
2003,JH Kallis,63,89,0,inf,70.79
2003,JJ Esmeijer,3,15,0,inf,20.0
2003,JM Anderson,2,9,0,inf,22.22
2003,JM Davison,226,193,0,inf,117.1
2003,JN Gillespie,6,5,0,inf,120.0
2003,JN Rhodes,2,6,0,inf,33.33
2003,JP Maher,9,19,0,inf,47.37
2003,JV Harris,91,207,0,inf,43.96
2003,KC Sangakkara,176,243,0,inf,72.43
2003,KJJ van Noortwijk,141,143,0,inf,98.6
2003,KO Otieno,179,371,0,inf,48.25
2003,Khaled Mahmud,38,73,0,inf,52.05
2003,Khaled Mashud,79,176,0,inf,44.89
2003,L Klusener,91,80,0,inf,113.75
2003,L Vincent,17,36,0,inf,47.22
2003,LJ Burger,11,65,0,inf,16.92
2003,LP van Troost,73,107,0,inf,68.22
2003,M Dillon,22,19,0,inf,115.79
2003,M Kaif,182,327,0,inf,55.66
2003,M Karg,45,66,0,inf,68.18
2003,M Muralitharan,38,50,0,inf,76.0
2003,M Ntini,14,8,0,inf,175.0
2003,M Zondeki,1,1,0,inf,100.0
2003,M van Schoor,58,111,0,inf,52.25
2003,MA Suji,30,43,0,inf,69.77
2003,MA Vermeulen,66,138,0,inf,47.83
2003,ME Trescothick,116,155,0,inf,74.84
2003,MG Bevan,148,269,0,inf,55.02
2003,ML Hayden,295,368,0,inf,80.16
2003,MO Odumbe,211,207,0,inf,101.93
2003,MP Vaughan,139,182,0,inf,76.37
2003,MS Atapattu,313,395,0,inf,79.24
2003,MV Boucher,125,153,0,inf,81.7
2003,Manjural Islam,2,11,0,inf,18.18
2003,Mashrafe Mortaza,0,2,0,,0.0
2003,Mohammad Ashraful,71,109,0,inf,65.14
2003,Mohammad Rafique,59,79,0,inf,74.68
2003,N Boje,54,62,0,inf,87.1
2003,N Hussain,24,42,0,inf,57.14
2003,N Ifill,16,44,0,inf,36.36
2003,NA Statham,7,45,0,inf,15.56
2003,NA de Groot,44,130,0,inf,33.85
2003,NAM McLean,5,7,0,inf,71.43
2003,NJ Astle,213,271,0,inf,78.6
2003,NV Knight,103,138,0,inf,74.64
2003,PA de Silva,267,306,0,inf,87.25
2003,PD Collingwood,137,188,0,inf,72.87
2003,PJ Ongondo,60,67,0,inf,89.55
2003,PT Collins,1,1,0,inf,100.0
2003,PW Gunaratne,15,15,0,inf,100.0
2003,R Dravid,318,502,0,inf,63.35
2003,R Walters,0,6,0,,0.0
2003,RAP Nissanka,2,29,0,inf,6.9
2003,RC Irani,12,9,0,inf,133.33
2003,RD Jacobs,56,85,0,inf,65.88
2003,RD Shah,253,423,0,inf,59.81
2003,RH Scholte,8,31,0,inf,25.81
2003,RJ van Vuuren,26,38,0,inf,68.42
2003,RL Powell,105,66,0,inf,159.09
2003,RP Arnold,92,174,0,inf,52.87
2003,RP Lefebvre,43,68,0,inf,63.24
2003,RR Sarwan,209,223,0,inf,93.72
2003,RT Ponting,415,481,0,inf,86.28
2003,Rashid Latif,122,107,0,inf,114.02
2003,S Chanderpaul,130,218,0,inf,59.63
2003,S Matsikenyeri,1,3,0,inf,33.33
2003,S Thuraisingam,25,41,0,inf,60.98
2003,SB Styris,268,273,0,inf,98.17
2003,SC Ganguly,465,571,0,inf,81.44
2003,SE Bond,5,21,0,inf,23.81
2003,SF Burger,11,20,0,inf,55.0
2003,SJ Swanepoel,43,99,0,inf,43.43
2003,SM Ervine,43,33,0,inf,130.3
2003,SM Pollock,71,76,0,inf,93.42
2003,SO Tikolo,194,341,0,inf,56.89
2003,SP Fleming,321,386,0,inf,83.16
2003,SR Tendulkar,673,783,0,inf,85.95
2003,ST Jayasuriya,266,374,0,inf,71.12
2003,Saeed Anwar,218,318,0,inf,68.55
2003,Saleem Elahi,102,154,0,inf,66.23
2003,Sanwar Hossain,59,86,0,inf,68.6
2003,Saqlain Mushtaq,16,37,0,inf,43.24
2003,Shahid Afridi,16,23,0,inf,69.57
2003,Shoaib Akhtar,72,54,0,inf,133.33
2003,T Taibu,117,202,0,inf,57.92
2003,TBM de Leede,74,146,0,inf,50.68
2003,TJ Friend,21,20,0,inf,105.0
2003,TM Odoyo,156,260,0,inf,60.0
2003,Talha Jubair,4,8,0,inf,50.0
2003,Tapash Baisya,2,12,0,inf,16.67
2003,Taufeeq Umar,91,152,0,inf,59.87
2003,Tushar Imran,57,109,0,inf,52.29
2003,V Sehwag,299,362,0,inf,82.6
2003,VC Drakes,41,70,0,inf,58.57
2003,WPUJC Vaas,102,164,0,inf,62.2
2003,WW Hinds,98,135,0,inf,72.59
2003,Waqar Younis,17,25,0,inf,68.0
2003,Wasim Akram,71,72,0,inf,98.61
2003,Younis Khan,84,137,0,inf,61.31
2003,Yousuf Youhana,170,223,0,inf,76.23
2003,Yuvraj Singh,240,291,0,inf,82.47
2003,Z Khan,18,28,0,inf,64.29
2007,A Bagai,43,77,0,inf,55.84
2007,A Flintoff,92,146,0,inf,63.01
2007,A Nel,9,47,0,inf,19.15
2007,A Symonds,189,196,0,inf,96.43
2007,AA Mulla,58,62,0,inf,93.55
2007,AB Agarkar,10,27,0,inf,37.04
2007,AB de Villiers,372,381,0,inf,97.64
2007,AC Botha,62,135,0,inf,45.93
2007,AC Cummins,9,8,0,inf,112.5
2007,AC Gilchrist,453,444,0,inf,102.03
2007,AG Prince,107,137,0,inf,78.1
2007,AJ Hall,28,38,0,inf,73.68
2007,AJ Strauss,83,131,0,inf,63.36
2007,AM Samad,45,88,0,inf,51.14
2007,AN Kervezee,17,54,0,inf,31.48
2007,AO Suji,14,29,0,inf,48.28
2007,AR White,128,178,0,inf,71.91
2007,Abdur Razzak,29,55,0,inf,52.73
2007,Adeel Raja,8,14,0,inf,57.14
2007,Aftab Ahmed,128,159,0,inf,80.5
2007,Azhar Mahmood,2,22,0,inf,9.09
2007,B Zuiderent,53,99,0,inf,53.54
2007,BB McCullum,117,89,0,inf,131.46
2007,BC Lara,269,340,0,inf,79.12
2007,BJ Hodge,152,120,0,inf,126.67
2007,BRM Taylor,87,186,0,inf,46.77
2007,CB Mpofu,1,10,0,inf,10.0
2007,CD Collymore,22,24,0,inf,91.67
2007,CD McMillan,228,264,0,inf,86.36
2007,CH Gayle,228,285,0,inf,80.0
2007,CJ Chibhabha,27,72,0,inf,37.5
2007,CJ Smith,0,5,0,,0.0
2007,CJO Smith,85,130,0,inf,65.38
2007,CK Langeveldt,16,57,0,inf,28.07
2007,CM Wright,5,29,0,inf,17.24
2007,CO Obuya,31,45,0,inf,68.89
2007,CRD Fernando,3,9,0,inf,33.33
2007,D Langford-Smith,67,73,0,inf,91.78
2007,D Ramdin,84,94,0,inf,89.36
2007,DA Minors,48,64,0,inf,75.0
2007,DBL Powell,56,55,0,inf,101.82
2007,DCC Borden,21,79,0,inf,26.58
2007,DF Watts,33,70,0,inf,47.14
2007,DJ Bravo,129,162,0,inf,79.63
2007,DJ Reekers,38,34,0,inf,111.76
2007,DL Hemp,90,131,0,inf,68.7
2007,DL Vettori,28,29,0,inf,96.55
2007,DLS van Bunge,38,49,0,inf,77.55
2007,DO Obuya,1,6,0,inf,16.67
2007,DPMD Jayawardene,548,658,0,inf,83.28
2007,DR Brown,64,102,0,inf,62.75
2007,DR Chumney,27,52,0,inf,51.92
2007,DR Smith,49,30,0,inf,163.33
2007,DS Smith,99,152,0,inf,65.13
2007,DT Johnston,129,150,0,inf,86.0
2007,Danish Kaneria,6,4,0,inf,150.0
2007,E Chigumbura,61,51,0,inf,119.61
2007,EC Joyce,152,230,0,inf,66.09
2007,EC Rainsford,1,1,0,inf,100.0
2007,EJG Morgan,91,185,0,inf,49.19
2007,ES Szwarczynski,24,42,0,inf,57.14
2007,F Kasteni,9,24,0,inf,37.5
2007,GA Rogers,32,50,0,inf,64.0
2007,GB Brent,12,21,0,inf,57.14
2007,GB Hogg,45,22,0,inf,204.55
2007,GC Smith,443,430,0,inf,103.02
2007,GEF Barnett,47,81,0,inf,58.02
2007,GM Hamilton,11,46,0,inf,23.91
2007,GR Codrington,7,8,0,inf,87.5
2007,H Osinde,0,1,0,,0.0
2007,HA Varaiya,5,23,0,inf,21.74
2007,HH Gibbs,342,376,0,inf,90.96
2007,HJH Marshall,81,102,0,inf,79.41
2007,HMCM Bandara,17,19,0,inf,89.47
2007,Habibul Bashar,105,240,0,inf,43.75
2007,Harbhajan Singh,17,23,0,inf,73.91
2007,IDR Bradshaw,26,62,0,inf,41.94
2007,IH Romaine,11,34,0,inf,32.35
2007,IR Bell,211,359,0,inf,58.77
2007,IS Billcliff,70,99,0,inf,70.71
2007,Iftikhar Anjum,51,81,0,inf,62.96
2007,Imran Nazir,190,185,0,inf,102.7
2007,Inzamam-ul-Haq,74,105,0,inf,70.48
2007,J Smits,3,12,0,inf,25.0
2007,JAR Blain,41,68,0,inf,60.29
2007,JDP Oram,165,239,0,inf,69.04
2007,JE Taylor,37,41,0,inf,90.24
2007,JEC Franklin,95,99,0,inf,95.96
2007,JF Mooney,23,47,0,inf,48.94
2007,JH Kallis,485,587,0,inf,82.62
2007,JJ Tucker,13,33,0,inf,39.39
2007,JK Kamande,29,43,0,inf,67.44
2007,JM Anderson,0,8,0,,0.0
2007,JM Davison,73,57,0,inf,128.07
2007,JM Kemp,74,159,0,inf,46.54
2007,JP Bray,212,342,0,inf,61.99
2007,JS Patel,34,41,0,inf,82.93
2007,JWM Dalrymple,6,22,0,inf,27.27
2007,Javed Omar,55,146,0,inf,37.67
2007,KA Pollard,10,17,0,inf,58.82
2007,KAD Hurdle,6,11,0,inf,54.55
2007,KC Sangakkara,350,476,0,inf,73.53
2007,KED Carroll,0,2,0,,0.0
2007,KJ O'Brien,170,275,0,inf,61.82
2007,KMDN Kulasekara,1,5,0,inf,20.0
2007,KP Pietersen,444,553,0,inf,80.29
2007,KT Sandher,2,6,0,inf,33.33
2007,Kamran Akmal,42,78,0,inf,53.85
2007,L Vincent,101,135,0,inf,74.81
2007,LE Plunkett,31,37,0,inf,83.78
2007,LMP Simmons,14,26,0,inf,53.85
2007,LN Onyango,16,36,0,inf,44.44
2007,LOB Cann,44,40,0,inf,110.0
2007,LP van Troost,5,11,0,inf,45.45
2007,LPC Silva,350,463,0,inf,75.59
2007,LRPL Taylor,107,163,0,inf,65.64
2007,M Muralitharan,3,3,0,inf,100.0
2007,M Ntini,15,22,0,inf,68.18
2007,MA Ouma,17,66,0,inf,25.76
2007,MBS Jonkman,0,2,0,,0.0
2007,MEK Hussey,87,123,0,inf,70.73
2007,MF Maharoof,39,37,0,inf,105.41
2007,MJ Clarke,436,464,0,inf,93.97
2007,MJ Mason,0,6,0,,0.0
2007,ML Hayden,659,669,0,inf,98.51
2007,MM Patel,25,32,0,inf,78.12
2007,MN Samuels,216,288,0,inf,75.0
2007,MO Jones,1,8,0,inf,12.5
2007,MP Vaughan,209,316,0,inf,66.14
2007,MR Gillespie,2,8,0,inf,25.0
2007,MS Dhoni,29,32,0,inf,90.62
2007,MS Panesar,3,31,0,inf,9.68
2007,MV Boucher,177,129,0,inf,137.21
2007,Mashrafe Mortaza,109,164,0,inf,66.46
2007,Mohammad Ashraful,216,281,0,inf,76.87
2007,Mohammad Hafeez,15,35,0,inf,42.86
2007,Mohammad Rafique,42,78,0,inf,53.85
2007,Mohammad Sami,17,46,0,inf,36.96
2007,Mohammad Yousuf,55,118,0,inf,46.61
2007,Mushfiqur Rahim,131,277,0,inf,47.29
2007,NFI McCallum,25,67,0,inf,37.31
2007,NJ O'Brien,216,382,0,inf,56.54
2007,NS Poonia,1,6,0,inf,16.67
2007,Naved-ul-Hasan,11,29,0,inf,37.93
2007,OL Pitcher,28,83,0,inf,33.73
2007,P Utseya,5,8,0,inf,62.5
2007,PA Nixon,193,195,0,inf,98.97
2007,PD Collingwood,276,371,0,inf,74.39
2007,PG Fulton,297,438,0,inf,67.81
2007,PG Gillespie,2,8,0,inf,25.0
2007,PJ Ongondo,7,24,0,inf,29.17
2007,PJC Hoffmann,25,19,0,inf,131.58
2007,PJK Mooney,0,1,0,,0.0
2007,PW Borren,26,24,0,inf,108.33
2007,R Dravid,81,113,0,inf,71.68
2007,RD Shah,75,102,0,inf,73.53
2007,RDM Leverock,10,40,0,inf,25.0
2007,RJ Peterson,12,16,0,inf,75.0
2007,RM Haq,35,71,0,inf,49.3
2007,RN ten Doeschate,128,150,0,inf,85.33
2007,RP Arnold,118,148,0,inf,79.73
2007,RR Sarwan,375,485,0,inf,77.32
2007,RR Watson,53,109,0,inf,48.62
2007,RS Bopara,165,219,0,inf,75.34
2007,RT Ponting,539,574,0,inf,93.9
2007,RV Uthappa,30,49,0,inf,61.22
2007,S Chanderpaul,315,531,0,inf,59.32
2007,S Dhaniram,47,52,0,inf,90.38
2007,S Matsikenyeri,107,132,0,inf,81.06
2007,S Mukuddem,0,4,0,,0.0
2007,SB Styris,499,612,0,inf,81.54
2007,SC Ganguly,162,279,0,inf,58.06
2007,SC Williams,95,111,0,inf,85.59
2007,SCJ Broad,5,5,0,inf,100.0
2007,SD Outerbridge,9,21,0,inf,42.86
2007,SE Bond,2,4,0,inf,50.0
2007,SI Mahmood,2,5,0,inf,40.0
2007,SL Malinga,12,15,0,inf,80.0
2007,SM Pollock,63,95,0,inf,66.32
2007,SO Tikolo,83,116,0,inf,71.55
2007,SP Fleming,353,421,0,inf,83.85
2007,SR Tendulkar,64,59,0,inf,108.47
2007,SR Watson,145,86,0,inf,168.6
2007,ST Jayasuriya,467,496,0,inf,94.15
2007,Shahadat Hossain,0,2,0,,0.0
2007,Shahid Afridi,16,10,0,inf,160.0
2007,Shahriar Nafees,31,87,0,inf,35.63
2007,Shakib Al Hasan,202,361,0,inf,55.96
2007,Shoaib Malik,92,114,0,inf,80.7
2007,Syed Rasel,16,35,0,inf,45.71
2007,T Duffin,12,23,0,inf,52.17
2007,T Mishra,2,7,0,inf,28.57
2007,T Mupariwa,0,3,0,,0.0
2007,TBM de Leede,35,59,0,inf,59.32
2007,TM Dilshan,217,238,0,inf,91.18
2007,TM Odoyo,46,78,0,inf,58.97
2007,Tamim Iqbal,172,281,0,inf,61.21
2007,U Bhatti,10,28,0,inf,35.71
2007,Umar Gul,11,20,0,inf,55.0
2007,V Sehwag,164,145,0,inf,113.1
2007,V Sibanda,68,99,0,inf,68.69
2007,WB Rankin,15,46,0,inf,32.61
2007,WF Stelling,1,4,0,inf,25.0
2007,WK McCallan,33,76,0,inf,43.42
2007,WPUJC Vaas,34,39,0,inf,87.18
2007,WTS Porterfield,172,386,0,inf,44.56
2007,WU Tharanga,298,462,0,inf,64.5
2007,Younis Khan,37,48,0,inf,77.08
2007,Yuvraj Singh,136,116,0,inf,117.24
2007,Z Khan,16,22,0,inf,72.73
2011,A Bagai,225,328,0,inf,68.6
2011,A Nehra,1,5,0,inf,20.0
2011,A Shahzad,7,5,0,inf,140.0
2011,AA Obanda,43,70,0,inf,61.43
2011,AB de Villiers,353,328,0,inf,107.62
2011,AC Botha,22,44,0,inf,50.0
2011,AD Mathews,94,94,0,inf,100.0
2011,AD Russell,52,58,0,inf,89.66
2011,AF Buurman,26,34,0,inf,76.47
2011,AG Cremer,99,145,0,inf,68.28
2011,AJ McKay,0,2,0,,0.0
2011,AJ Strauss,334,362,0,inf,92.27
2011,AN Kervezee,81,128,0,inf,63.28
2011,AR Cusack,80,105,0,inf,76.19
2011,AR White,15,37,0,inf,40.54
2011,AS Hansra,215,381,0,inf,56.43
2011,Abdul Razzaq,104,130,0,inf,80.0
2011,Abdur Razzak,15,37,0,inf,40.54
2011,Abdur Rehman,6,17,0,inf,35.29
2011,Adeel Raja,0,5,0,,0.0
2011,Ahmed Shehzad,44,95,0,inf,46.32
2011,Asad Shafiq,154,220,0,inf,70.0
2011,B Lee,5,9,0,inf,55.56
2011,B Zuiderent,17,47,0,inf,36.17
2011,BA Westdijk,0,3,0,,0.0
2011,BAW Mendis,0,2,0,,0.0
2011,BB McCullum,256,280,0,inf,91.43
2011,BJ Haddin,332,428,0,inf,77.57
2011,BP Kruger,8,12,0,inf,66.67
2011,BP Loots,6,10,0,inf,60.0
2011,BRM Taylor,170,199,0,inf,85.43
2011,CA Ingram,46,43,0,inf,106.98
2011,CB Mpofu,6,21,0,inf,28.57
2011,CH Gayle,170,186,0,inf,91.4
2011,CK Coventry,18,38,0,inf,47.37
2011,CK Kapugedera,3,8,0,inf,37.5
2011,CL White,70,115,0,inf,60.87
2011,CO Obuya,243,351,0,inf,69.23
2011,CR Ervine,231,271,0,inf,85.24
2011,CT Tremlett,3,7,0,inf,42.86
2011,D Bishoo,6,15,0,inf,40.0
2011,DC Thomas,41,79,0,inf,51.9
2011,DJ Bravo,40,39,0,inf,102.56
2011,DJ Hussey,52,36,0,inf,144.44
2011,DJG Sammy,54,51,0,inf,105.88
2011,DL Vettori,53,52,0,inf,101.92
2011,DM Bravo,139,202,0,inf,68.81
2011,DO Obuya,65,134,0,inf,48.51
2011,DPMD Jayawardene,304,312,0,inf,97.44
2011,DS Smith,300,398,0,inf,75.38
2011,DT Johnston,42,48,0,inf,87.5
2011,DW Steyn,28,52,0,inf,53.85
2011,E Chigumbura,96,140,0,inf,68.57
2011,E Otieno,13,39,0,inf,33.33
2011,EC Joyce,176,269,0,inf,65.43
2011,EJG Morgan,120,141,0,inf,85.11
2011,ES Szwarczynski,57,109,0,inf,52.29
2011,F du Plessis,159,189,0,inf,84.13
2011,G Gambhir,393,476,0,inf,82.56
2011,GA Lamb,62,86,0,inf,72.09
2011,GC Smith,183,301,0,inf,60.8
2011,GC Wilson,122,145,0,inf,84.14
2011,GH Dockrell,42,55,0,inf,76.36
2011,GP Swann,60,52,0,inf,115.38
2011,H Osinde,6,17,0,inf,35.29
2011,H Patel,85,84,0,inf,101.19
2011,HK Bennett,0,4,0,,0.0
2011,HM Amla,306,354,0,inf,86.44
2011,HMRKB Herath,4,10,0,inf,40.0
2011,HS Baidwan,54,80,0,inf,67.5
2011,Harbhajan Singh,18,34,0,inf,52.94
2011,IJL Trott,422,533,0,inf,79.17
2011,IR Bell,245,309,0,inf,79.29
2011,Imran Tahir,1,2,0,inf,50.0
2011,Imrul Kayes,188,289,0,inf,65.05
2011,J Botha,58,59,0,inf,98.31
2011,JC Tredwell,9,23,0,inf,39.13
2011,JD Ryder,184,271,0,inf,67.9
2011,JDP Oram,59,53,0,inf,111.32
2011,JEC Franklin,52,43,0,inf,120.93
2011,JF Mooney,58,90,0,inf,64.44
2011,JH Kallis,225,312,0,inf,72.12
2011,JJ Krejza,7,19,0,inf,36.84
2011,JK Kamande,27,81,0,inf,33.33
2011,JM Anderson,4,12,0,inf,33.33
2011,JM Davison,33,43,0,inf,76.74
2011,JM How,26,76,0,inf,34.21
2011,JO Ngoche,10,26,0,inf,38.46
2011,JP Duminy,224,235,0,inf,95.32
2011,Junaid Siddique,114,160,0,inf,71.25
2011,K Whatham,18,43,0,inf,41.86
2011,KA Edwards,17,17,0,inf,100.0
2011,KA Pollard,180,122,0,inf,147.54
2011,KAJ Roach,19,54,0,inf,35.19
2011,KC Sangakkara,465,568,0,inf,81.87
2011,KD Mills,7,3,0,inf,233.33
2011,KJ O'Brien,198,163,0,inf,121.47
2011,KMDN Kulasekara,64,54,0,inf,118.52
2011,KP Pietersen,131,142,0,inf,92.25
2011,KS Williamson,99,94,0,inf,105.32
2011,Kamran Akmal,207,287,0,inf,72.13
2011,Khurram Chohan,39,69,0,inf,56.52
2011,LJ Woodcock,3,3,0,inf,100.0
2011,LJ Wright,45,63,0,inf,71.43
2011,LL Tsotsobe,4,2,0,inf,200.0
2011,LPC Silva,77,113,0,inf,68.14
2011,LRPL Taylor,324,384,0,inf,84.38
2011,M Morkel,4,20,0,inf,20.0
2011,M Muralitharan,7,4,0,inf,175.0
2011,MA Ouma,22,68,0,inf,32.35
2011,MEK Hussey,69,75,0,inf,92.0
2011,MG Johnson,25,19,0,inf,131.58
2011,MH Yardy,19,34,0,inf,55.88
2011,MJ Clarke,233,268,0,inf,86.94
2011,MJ Guptill,262,395,0,inf,66.33
2011,MJ Prior,78,95,0,inf,82.11
2011,MM Patel,1,3,0,inf,33.33
2011,MN van Wyk,65,88,0,inf,73.86
2011,MS Dhoni,241,296,0,inf,81.42
2011,Mahmudullah,32,71,0,inf,45.07
2011,Misbah-ul-Haq,248,345,0,inf,71.88
2011,Mohammad Ashraful,12,27,0,inf,44.44
2011,Mohammad Hafeez,215,269,0,inf,79.93
2011,Mudassar Bukhari,68,92,0,inf,73.91
2011,Mushfiqur Rahim,81,154,0,inf,52.6
2011,NJ O'Brien,205,275,0,inf,74.55
2011,NL McCullum,100,132,0,inf,75.76
2011,NLTC Perera,44,31,0,inf,141.94
2011,NN Odhiambo,56,78,0,inf,71.79
2011,NO Miller,16,13,0,inf,123.08
2011,NR Kumar,10,46,0,inf,21.74
2011,Naeem Islam,40,77,0,inf,51.95
2011,P Utseya,123,189,0,inf,65.08
2011,PD Collingwood,61,54,0,inf,112.96
2011,PJ Ongondo,6,3,0,inf,200.0
2011,PM Seelaar,3,17,0,inf,17.65
2011,PP Chawla,2,4,0,inf,50.0
2011,PR Stirling,157,131,0,inf,119.85
2011,PW Borren,173,194,0,inf,89.18
2011,R Ashwin,10,7,0,inf,142.86
2011,R Gunasekera,53,129,0,inf,41.09
2011,R Rampaul,1,9,0,inf,11.11
2011,RJ Peterson,43,37,0,inf,116.22
2011,RN ten Doeschate,307,346,0,inf,88.73
2011,RR Patel,46,74,0,inf,62.16
2011,RR Sarwan,155,283,0,inf,54.77
2011,RS Bopara,141,215,0,inf,65.58
2011,RT Ponting,206,292,0,inf,70.55
2011,RW Chakabva,50,113,0,inf,44.25
2011,RW Price,37,61,0,inf,60.66
2011,Raqibul Hasan,70,117,0,inf,59.83
2011,Rizwan Cheema,76,74,0,inf,102.7
2011,Rubel Hossain,11,19,0,inf,57.89
2011,S Chanderpaul,114,226,0,inf,50.44
2011,SB Styris,142,168,0,inf,84.52
2011,SC Williams,58,65,0,inf,89.23
2011,SCJ Broad,0,3,0,,0.0
2011,SJ Benn,16,35,0,inf,45.71
2011,SK Raina,74,76,0,inf,97.37
2011,SL Malinga,6,4,0,inf,150.0
2011,SO Ngoche,0,3,0,,0.0
2011,SO Tikolo,44,91,0,inf,48.35
2011,SPD Smith,53,51,0,inf,103.92
2011,SR Tendulkar,482,533,0,inf,90.43
2011,SR Waters,38,90,0,inf,42.22
2011,SR Watson,290,323,0,inf,89.78
2011,SW Tait,0,1,0,,0.0
2011,Saeed Ajmal,1,10,0,inf,10.0
2011,Shafiul Islam,26,50,0,inf,52.0
2011,Shahid Afridi,84,70,0,inf,120.0
2011,Shahriar Nafees,42,72,0,inf,58.33
2011,Shakib Al Hasan,142,207,0,inf,68.6
2011,Shoaib Akhtar,0,2,0,,0.0
2011,T Mishra,133,202,0,inf,65.84
2011,T Panyangara,4,13,0,inf,30.77
2011,T Taibu,189,247,0,inf,76.52
2011,TG Gordon,23,58,0,inf,39.66
2011,TG Southee,14,21,0,inf,66.67
2011,TLW Cooper,174,259,0,inf,67.18
2011,TM Dilshan,500,556,0,inf,89.93
2011,TM Odoyo,102,143,0,inf,71.33
2011,TN de Grooth,50,89,0,inf,56.18
2011,TT Bresnan,41,50,0,inf,82.0
2011,TT Samaraweera,110,153,0,inf,71.9
2011,Tamim Iqbal,157,179,0,inf,87.71
2011,Umar Akmal,240,277,0,inf,86.64
2011,Umar Gul,38,32,0,inf,118.75
2011,V Kohli,282,352,0,inf,80.11
2011,V Sehwag,380,329,0,inf,115.5
2011,V Sibanda,66,69,0,inf,95.65
2011,W Barresi,153,235,0,inf,65.11
2011,WB Rankin,9,25,0,inf,36.0
2011,WD Balaji Rao,22,43,0,inf,51.16
2011,WD Parnell,0,1,0,,0.0
2011,WTS Porterfield,180,272,0,inf,66.18
2011,WU Tharanga,395,490,0,inf,80.61
2011,Wahab Riaz,8,18,0,inf,44.44
2011,YK Pathan,74,66,0,inf,112.12
2011,Younis Khan,185,267,0,inf,69.29
2011,Yuvraj Singh,362,429,0,inf,84.38
2011,Z Khan,18,22,0,inf,81.82
2011,ZE Surkari,104,236,0,inf,44.07
2015,A Balbirnie,236,266,0,inf,88.72
2015,AB de Villiers,482,338,0,inf,142.6
2015,AC Evans,10,20,0,inf,50.0
2015,AD Hales,27,34,0,inf,79.41
2015,AD Mathews,151,140,0,inf,107.86
2015,AD Russell,104,57,0,inf,182.46
2015,AF Milne,1,5,0,inf,20.0
2015,AJ Finch,276,303,0,inf,91.09
2015,AM Guruge,14,26,0,inf,53.85
2015,AM Rahane,208,259,0,inf,80.31
2015,AR Berenger,53,115,0,inf,46.09
2015,AR Cusack,19,24,0,inf,79.17
2015,AR McBrine,2,4,0,inf,50.0
2015,Ahmed Shehzad,227,321,0,inf,70.72
2015,Amjad Ali,96,193,0,inf,49.74
2015,Amjad Javed,170,203,0,inf,83.74
2015,Anamul Haque,29,43,0,inf,67.44
2015,Arafat Sunny,3,3,0,inf,100.0
2015,BB McCullum,286,159,0,inf,179.87
2015,BJ Haddin,106,72,0,inf,147.22
2015,BMAJ Mendis,4,4,0,inf,100.0
2015,BRM Taylor,433,413,0,inf,104.84
2015,CH Gayle,340,300,0,inf,113.33
2015,CJ Anderson,224,215,0,inf,104.19
2015,CJ Chibhabha,98,155,0,inf,63.23
2015,CJ Jordan,0,1,0,,0.0
2015,CR Ervine,159,182,0,inf,87.36
2015,CR Woakes,90,94,0,inf,95.74
2015,CS MacLeod,48,61,0,inf,78.69
2015,D Ramdin,107,152,0,inf,70.39
2015,DA Miller,324,240,0,inf,135.0
2015,DA Warner,167,158,0,inf,105.7
2015,DJG Sammy,177,188,0,inf,94.15
2015,DL Vettori,50,47,0,inf,106.38
2015,DM Bravo,49,81,0,inf,60.49
2015,DPMD Jayawardene,25,50,0,inf,50.0
2015,DR Smith,93,117,0,inf,79.49
2015,DW Steyn,17,24,0,inf,70.83
2015,E Chigumbura,78,78,0,inf,100.0
2015,EC Joyce,246,254,0,inf,96.85
2015,EJG Morgan,90,145,0,inf,62.07
2015,Ehsan Adil,15,22,0,inf,68.18
2015,F Behardien,74,36,0,inf,205.56
2015,F du Plessis,380,463,0,inf,82.07
2015,FDM Karunaratne,14,21,0,inf,66.67
2015,FRJ Coleman,77,98,0,inf,78.57
2015,GC Wilson,141,139,0,inf,101.44
2015,GD Elliott,291,269,0,inf,108.18
2015,GH Dockrell,54,87,0,inf,62.07
2015,GJ Bailey,55,69,0,inf,79.71
2015,GJ Maxwell,236,143,0,inf,165.03
2015,GS Ballance,36,74,0,inf,48.65
2015,H Masakadza,122,165,0,inf,73.94
2015,HDRL Thirimanne,302,361,0,inf,83.66
2015,HJW Gardiner,19,33,0,inf,57.58
2015,HM Amla,333,360,0,inf,92.5
2015,HMRKB Herath,13,23,0,inf,56.52
2015,Haris Sohail,177,257,0,inf,68.87
2015,I Wardlaw,0,3,0,,0.0
2015,IR Bell,210,290,0,inf,72.41
2015,Imran Tahir,8,17,0,inf,47.06
2015,Imrul Kayes,9,35,0,inf,25.71
2015,J Charles,58,46,0,inf,126.09
2015,JC Buttler,141,106,0,inf,133.02
2015,JE Root,202,242,0,inf,83.47
2015,JE Taylor,37,50,0,inf,74.0
2015,JF Mooney,51,68,0,inf,75.0
2015,JH Davey,54,82,0,inf,65.85
2015,JL Carter,113,166,0,inf,68.07
2015,JM Anderson,9,16,0,inf,56.25
2015,JO Holder,155,141,0,inf,109.93
2015,JP Duminy,164,168,0,inf,97.62
2015,JP Faulkner,37,20,0,inf,185.0
2015,JWA Taylor,141,150,0,inf,94.0
2015,KAJ Roach,0,1,0,,0.0
2015,KC Sangakkara,534,509,0,inf,104.91
2015,KJ Abbott,12,19,0,inf,63.16
2015,KJ Coetzer,228,243,0,inf,93.83
2015,KJ O'Brien,131,135,0,inf,97.04
2015,KMDN Kulasekara,29,43,0,inf,67.44
2015,KS Williamson,201,261,0,inf,77.01
2015,Kamran Shazad,0,3,0,,0.0
2015,Khurram Khan,155,217,0,inf,71.43
2015,Krishna Chandran,38,119,0,inf,31.93
2015,L Ronchi,73,63,0,inf,115.87
2015,LD Chandimal,52,25,0,inf,208.0
2015,LMP Simmons,173,176,0,inf,98.3
2015,LRPL Taylor,197,323,0,inf,60.99
2015,M Morkel,8,15,0,inf,53.33
2015,MA Leask,25,18,0,inf,138.89
2015,MA Starc,0,3,0,,0.0
2015,MC Sorensen,22,19,0,inf,115.79
2015,MDKJ Perera,27,24,0,inf,112.5
2015,MG Johnson,31,20,0,inf,155.0
2015,MH Cross,73,98,0,inf,74.49
2015,MJ Clarke,219,233,0,inf,93.99
2015,MJ Guptill,490,460,0,inf,106.52
2015,MJ Henry,0,7,0,,0.0
2015,MM Ali,192,193,0,inf,99.48
2015,MM Sharma,0,1,0,,0.0
2015,MN Samuels,230,312,0,inf,73.72
2015,MR Marsh,23,23,0,inf,100.0
2015,MS Dhoni,237,240,0,inf,98.75
2015,MW Machan,155,207,0,inf,74.88
2015,Mahmudullah,342,408,0,inf,83.82
2015,Mashrafe Mortaza,14,16,0,inf,87.5
2015,Misbah-ul-Haq,350,482,0,inf,72.61
2015,Mohammad Irfan,4,19,0,inf,21.05
2015,Mohammad Naveed,73,62,0,inf,117.74
2015,Mohammad Tauqir,8,44,0,inf,18.18
2015,Mohammed Shami,8,9,0,inf,88.89
2015,Mominul Haque,1,3,0,inf,33.33
2015,Mushfiqur Rahim,227,229,0,inf,99.13
2015,NJ O'Brien,199,184,0,inf,108.15
2015,NLTC Perera,15,17,0,inf,88.24
2015,Nasir Aziz,60,89,0,inf,67.42
2015,Nasir Hossain,46,42,0,inf,109.52
2015,Nasir Jamshed,5,24,0,inf,20.83
2015,PHT Kaushal,0,1,0,,0.0
2015,PJ Cummins,7,30,0,inf,23.33
2015,PL Mommsen,125,162,0,inf,77.16
2015,PR Stirling,159,162,0,inf,98.15
2015,PVD Chameera,14,14,0,inf,100.0
2015,Q de Kock,145,184,0,inf,78.8
2015,R Ashwin,30,58,0,inf,51.72
2015,RA Jadeja,57,60,0,inf,95.0
2015,RAS Lakmal,7,17,0,inf,41.18
2015,RD Berrington,114,138,0,inf,82.61
2015,RG Sharma,330,366,0,inf,90.16
2015,RM Haq,16,29,0,inf,55.17
2015,RML Taylor,7,18,0,inf,38.89
2015,RR Rossouw,210,187,0,inf,112.3
2015,RW Chakabva,64,100,0,inf,64.0
2015,Rahat Ali,7,27,0,inf,25.93
2015,Rohan Mustafa,8,30,0,inf,26.67
2015,Rubel Hossain,0,8,0,,0.0
2015,S Dhawan,412,457,0,inf,90.15
2015,S Matsikenyeri,19,26,0,inf,73.08
2015,S Prasanna,12,17,0,inf,70.59
2015,SC Williams,339,317,0,inf,106.94
2015,SCJ Broad,13,20,0,inf,65.0
2015,SF Mire,64,107,0,inf,59.81
2015,SJ Benn,10,8,0,inf,125.0
2015,SK Raina,284,266,0,inf,106.77
2015,SL Malinga,4,12,0,inf,33.33
2015,SMSM Senanayake,7,8,0,inf,87.5
2015,SP Patil,140,258,0,inf,54.26
2015,SPD Smith,307,346,0,inf,88.73
2015,SR Thompson,14,17,0,inf,82.35
2015,SR Watson,208,204,0,inf,101.96
2015,ST Finn,2,15,0,inf,13.33
2015,Sabbir Rahman,179,179,0,inf,100.0
2015,Saqlain Haider,7,12,0,inf,58.33
2015,Sarfraz Ahmed,160,198,0,inf,80.81
2015,Shahid Afridi,116,87,0,inf,133.33
2015,Shaiman Anwar,311,351,0,inf,88.6
2015,Shakib Al Hasan,133,164,0,inf,81.1
2015,Sikandar Raza,125,132,0,inf,94.7
2015,Sohaib Maqsood,153,179,0,inf,85.47
2015,Sohail Khan,21,43,0,inf,48.84
2015,Soumya Sarkar,147,180,0,inf,81.67
2015,T Kamungozi,6,10,0,inf,60.0
2015,T Mupariwa,19,11,0,inf,172.73
2015,T Panyangara,29,52,0,inf,55.77
2015,TA Boult,0,4,0,,0.0
2015,TG Southee,23,18,0,inf,127.78
2015,TL Chatara,23,38,0,inf,60.53
2015,TM Dilshan,395,415,0,inf,95.18
2015,Tamim Iqbal,135,166,0,inf,81.33
2015,Taskin Ahmed,0,1,0,,0.0
2015,UT Yadav,0,5,0,,0.0
2015,Umar Akmal,164,207,0,inf,79.23
2015,V Kohli,305,385,0,inf,79.22
2015,VD Philander,10,8,0,inf,125.0
2015,WD Parnell,17,29,0,inf,58.62
2015,WTS Porterfield,275,420,0,inf,65.48
2015,WU Tharanga,4,5,0,inf,80.0
2015,Wahab Riaz,83,90,0,inf,92.22
2015,XJ Doherty,0,1,0,,0.0
2015,Yasir Shah,13,24,0,inf,54.17
2015,Younis Khan,43,56,0,inf,76.79
2019,A Zampa,1,3,0,inf,33.33
2019,AD Mathews,244,315,0,inf,77.46
2019,AD Russell,36,30,0,inf,120.0
2019,AJ Finch,441,457,0,inf,96.5
2019,AK Markram,140,192,0,inf,72.92
2019,AL Phehlukwayo,116,146,0,inf,79.45
2019,AR Nurse,20,26,0,inf,76.92
2019,AT Carey,375,366,0,inf,102.46
2019,AU Rashid,45,40,0,inf,112.5
2019,Asif Ali,19,20,0,inf,95.0
2019,B Kumar,2,5,0,inf,40.0
2019,BA Stokes,471,509,0,inf,92.53
2019,BKG Mendis,141,214,0,inf,65.89
2019,BMAJ Mendis,19,52,0,inf,36.54
2019,Babar Azam,429,499,0,inf,85.97
2019,C Munro,103,106,0,inf,97.17
2019,C de Grandhomme,190,194,0,inf,97.94
2019,CH Gayle,235,263,0,inf,89.35
2019,CH Morris,74,63,0,inf,117.46
2019,CR Brathwaite,140,143,0,inf,97.9
2019,CR Woakes,133,159,0,inf,83.65
2019,D Pretorius,3,8,0,inf,37.5
2019,DA Miller,136,160,0,inf,85.0
2019,DA Warner,558,624,0,inf,89.42
2019,DM Bravo,19,21,0,inf,90.48
2019,DM de Silva,108,176,0,inf,61.36
2019,E Lewis,73,87,0,inf,83.91
2019,EJG Morgan,223,272,0,inf,81.99
2019,F du Plessis,387,437,0,inf,88.56
2019,FA Allen,51,34,0,inf,150.0
2019,FDM Karunaratne,192,274,0,inf,70.07
2019,Fakhar Zaman,186,226,0,inf,82.3
2019,GJ Maxwell,173,119,0,inf,145.38
2019,HDRL Thirimanne,118,132,0,inf,89.39
2019,HE van der Dussen,311,348,0,inf,89.37
2019,HH Pandya,219,201,0,inf,108.96
2019,HM Amla,162,236,0,inf,68.64
2019,HM Nicholls,91,154,0,inf,59.09
2019,Haris Sohail,171,156,0,inf,109.62
2019,Hasan Ali,43,25,0,inf,172.0
2019,I Udana,35,57,0,inf,61.4
2019,IS Sodhi,5,5,0,inf,100.0
2019,Imad Wasim,113,87,0,inf,129.89
2019,Imam-ul-Haq,269,358,0,inf,75.14
2019,Imran Tahir,11,16,0,inf,68.75
2019,JC Archer,13,22,0,inf,59.09
2019,JC Buttler,317,260,0,inf,121.92
2019,JDS Neesham,245,305,0,inf,80.33
2019,JE Root,468,545,0,inf,85.87
2019,JJ Roy,443,393,0,inf,112.72
2019,JM Bairstow,442,489,0,inf,90.39
2019,JM Vince,14,20,0,inf,70.0
2019,JO Holder,125,126,0,inf,99.21
2019,JP Behrendorff,12,11,0,inf,109.09
2019,JP Duminy,70,75,0,inf,93.33
2019,K Rabada,58,71,0,inf,81.69
2019,KAJ Roach,28,52,0,inf,53.85
2019,KD Karthik,14,34,0,inf,41.18
2019,KL Rahul,331,420,0,inf,78.81
2019,KM Jadhav,28,33,0,inf,84.85
2019,KS Williamson,499,680,0,inf,73.38
2019,KW Richardson,1,1,0,inf,100.0
2019,Kuldeep Yadav,0,1,0,,0.0
2019,L Ngidi,7,11,0,inf,63.64
2019,LE Plunkett,62,41,0,inf,151.22
2019,LH Ferguson,4,9,0,inf,44.44
2019,LRPL Taylor,302,426,0,inf,70.89
2019,Liton Das,168,155,0,inf,108.39
2019,MA Starc,68,78,0,inf,87.18
2019,MA Wood,11,12,0,inf,91.67
2019,MDKJ Perera,195,172,0,inf,113.37
2019,MJ Guptill,187,227,0,inf,82.38
2019,MJ Henry,18,27,0,inf,66.67
2019,MJ Santner,72,102,0,inf,70.59
2019,MM Ali,44,58,0,inf,75.86
2019,MP Stoinis,87,115,0,inf,75.65
2019,MS Dhoni,245,268,0,inf,91.42
2019,Mahmudullah,192,212,0,inf,90.57
2019,Mashrafe Mortaza,34,35,0,inf,97.14
2019,Mehedi Hasan Miraz,37,33,0,inf,112.12
2019,Mohammad Amir,11,15,0,inf,73.33
2019,Mohammad Hafeez,234,257,0,inf,91.05
2019,Mohammad Mithun,47,61,0,inf,77.05
2019,Mohammad Saifuddin,85,74,0,inf,114.86
2019,Mohammed Shami,1,4,0,inf,25.0
2019,Mosaddek Hossain,82,90,0,inf,91.11
2019,Mushfiqur Rahim,284,314,0,inf,90.45
2019,Mustafizur Rahman,1,8,0,inf,12.5
2019,N Pooran,309,333,0,inf,92.79
2019,N Pradeep,1,8,0,inf,12.5
2019,NLTC Perera,59,63,0,inf,93.65
2019,NM Coulter-Nile,98,79,0,inf,124.05
2019,NM Lyon,8,10,0,inf,80.0
2019,O Thomas,13,51,0,inf,25.49
2019,PJ Cummins,51,68,0,inf,75.0
2019,PSP Handscomb,4,12,0,inf,33.33
2019,Q de Kock,237,280,0,inf,84.64
2019,RA Jadeja,77,63,0,inf,122.22
2019,RAS Lakmal,12,21,0,inf,57.14
2019,RG Sharma,647,659,0,inf,98.18
2019,RR Pant,116,136,0,inf,85.29
2019,Rubel Hossain,9,11,0,inf,81.82
2019,S Dhawan,125,123,0,inf,101.63
2019,SD Hope,197,308,0,inf,63.96
2019,SE Marsh,26,35,0,inf,74.29
2019,SL Malinga,7,14,0,inf,50.0
2019,SO Hetmyer,218,226,0,inf,96.46
2019,SPD Smith,361,432,0,inf,83.56
2019,SS Cottrell,33,49,0,inf,67.35
2019,ST Gabriel,3,10,0,inf,30.0
2019,SW Ambris,36,47,0,inf,76.6
2019,Sabbir Rahman,36,41,0,inf,87.8
2019,Sarfraz Ahmed,125,147,0,inf,85.03
2019,Shadab Khan,32,22,0,inf,145.45
2019,Shaheen Shah Afridi,1,6,0,inf,16.67
2019,Shakib Al Hasan,555,577,0,inf,96.19
2019,Shoaib Malik,8,12,0,inf,66.67
2019,Soumya Sarkar,163,156,0,inf,104.49
2019,TA Boult,10,19,0,inf,52.63
2019,TAM Siriwardana,3,5,0,inf,60.0
2019,TG Southee,7,17,0,inf,41.18
2019,TWM Latham,142,204,0,inf,69.61
2019,Tamim Iqbal,199,281,0,inf,70.82
2019,UT Khawaja,301,344,0,inf,87.5
2019,V Kohli,376,413,0,inf,91.04
2019,V Shankar,29,35,0,inf,82.86
2019,WIA Fernando,203,194,0,inf,104.64
2019,Wahab Riaz,73,60,0,inf,121.67
2019,YS Chahal,5,5,0,inf,100.0
2023,A Dutt,60,68,0,inf,88.24
2023,A Zampa,48,63,0,inf,76.19
2023,AAP Atkinson,37,26,0,inf,142.31
2023,AD Mathews,28,54,0,inf,51.85
2023,AK Markram,381,345,0,inf,110.43
2023,AT Carey,0,2,0,,0.0
2023,AT Nidamanuru,164,172,0,inf,95.35
2023,AU Rashid,72,82,0,inf,87.8
2023,Abdullah Shafique,278,295,0,inf,94.24
2023,Agha Salman,51,45,0,inf,113.33
2023,BA Stokes,304,347,0,inf,87.61
2023,BFW de Leede,136,197,0,inf,69.04
2023,BKG Mendis,255,217,0,inf,117.51
2023,Babar Azam,246,301,0,inf,81.73
2023,C Green,63,86,0,inf,73.26
2023,C Karunaratne,8,28,0,inf,28.57
2023,CAK Rajitha,47,53,0,inf,88.68
2023,CBRLS Kumara,4,8,0,inf,50.0
2023,CN Ackermann,187,236,0,inf,79.24
2023,CR Woakes,122,135,0,inf,90.37
2023,D Madushanka,28,64,0,inf,43.75
2023,DA Miller,332,310,0,inf,107.1
2023,DA Warner,517,480,0,inf,107.71
2023,DJ Malan,372,375,0,inf,99.2
2023,DJ Mitchell,551,504,0,inf,109.33
2023,DJ Willey,78,69,0,inf,113.04
2023,DM de Silva,126,160,0,inf,78.75
2023,DN Wellalage,12,18,0,inf,66.67
2023,DP Conway,352,364,0,inf,96.7
2023,FDM Karunaratne,0,1,0,,0.0
2023,Fakhar Zaman,220,182,0,inf,120.88
2023,G Coetzee,54,78,0,inf,69.23
2023,GD Phillips,214,182,0,inf,117.58
2023,GJ Maxwell,199,141,0,inf,141.13
2023,H Klaasen,363,274,0,inf,132.48
2023,HC Brook,103,89,0,inf,115.73
2023,HE van der Dussen,372,443,0,inf,83.97
2023,HH Pandya,11,8,0,inf,137.5
2023,Haris Rauf,53,45,0,inf,117.78
2023,Hasan Ali,20,29,0,inf,68.97
2023,Hasan Mahmud,15,25,0,inf,60.0
2023,Iftikhar Ahmed,102,98,0,inf,104.08
2023,Imam-ul-Haq,145,159,0,inf,91.19
2023,Ishan Kishan,0,1,0,,0.0
2023,JC Buttler,129,127,0,inf,101.57
2023,JDS Neesham,58,50,0,inf,116.0
2023,JE Root,265,299,0,inf,88.63
2023,JJ Bumrah,18,29,0,inf,62.07
2023,JM Bairstow,213,243,0,inf,87.65
2023,JP Inglis,159,171,0,inf,92.98
2023,JR Hazlewood,4,5,0,inf,80.0
2023,K Rabada,25,46,0,inf,54.35
2023,KA Maharaj,59,84,0,inf,70.24
2023,KIC Asalanka,266,316,0,inf,84.18
2023,KL Rahul,452,504,0,inf,89.68
2023,KS Williamson,256,277,0,inf,92.42
2023,Kuldeep Yadav,19,34,0,inf,55.88
2023,L Ngidi,11,43,0,inf,25.58
2023,LH Ferguson,7,9,0,inf,77.78
2023,LS Livingstone,50,80,0,inf,62.5
2023,LV van Beek,138,176,0,inf,78.41
2023,Liton Das,271,345,0,inf,78.55
2023,M Jansen,157,147,0,inf,106.8
2023,M Labuschagne,348,491,0,inf,70.88
2023,M Pathirana,6,19,0,inf,31.58
2023,M Theekshana,71,157,0,inf,45.22
2023,MA Starc,84,151,0,inf,55.63
2023,MA Wood,67,44,0,inf,152.27
2023,MADI Hemantha,4,4,0,inf,100.0
2023,MD Shanaka,80,83,0,inf,96.39
2023,MDKJ Perera,149,153,0,inf,97.39
2023,MJ Henry,19,22,0,inf,86.36
2023,MJ Santner,96,77,0,inf,124.68
2023,MM Ali,95,131,0,inf,72.52
2023,MP O'Dowd,96,167,0,inf,57.49
2023,MP Stoinis,81,72,0,inf,112.5
2023,MR Marsh,417,408,0,inf,102.21
2023,MS Chapman,59,61,0,inf,96.72
2023,Mahedi Hasan,33,75,0,inf,44.0
2023,Mahmudullah,328,371,0,inf,88.41
2023,Mehedi Hasan Miraz,144,186,0,inf,77.42
2023,Mohammad Nawaz,81,100,0,inf,81.0
2023,Mohammad Rizwan,387,409,0,inf,94.62
2023,Mohammad Wasim,23,26,0,inf,88.46
2023,Mohammed Shami,10,20,0,inf,50.0
2023,Mohammed Siraj,9,9,0,inf,100.0
2023,Mushfiqur Rahim,200,256,0,inf,78.12
2023,Mustafizur Rahman,42,92,0,inf,45.65
2023,Nasum Ahmed,40,48,0,inf,83.33
2023,Nazmul Hossain Shanto,163,209,0,inf,77.99
2023,P Nissanka,286,320,0,inf,89.38
2023,PA van Meekeren,22,31,0,inf,70.97
2023,PJ Cummins,116,125,0,inf,92.8
2023,PVD Chameera,5,35,0,inf,14.29
2023,Q de Kock,553,522,0,inf,105.94
2023,R Klein,8,15,0,inf,53.33
2023,R Ravindra,546,517,0,inf,105.61
2023,RA Jadeja,120,122,0,inf,98.36
2023,RE van der Merwe,57,56,0,inf,101.79
2023,RG Sharma,466,398,0,inf,117.09
2023,RJW Topley,1,2,0,inf,50.0
2023,RR Hendricks,97,94,0,inf,103.19
2023,S Samarawickrama,337,330,0,inf,102.12
2023,SA Edwards,259,301,0,inf,86.05
2023,SA Engelbrecht,242,379,0,inf,63.85
2023,SA Yadav,106,108,0,inf,98.15
2023,SM Curran,25,34,0,inf,73.53
2023,SPD Smith,302,380,0,inf,79.47
2023,SS Iyer,505,461,0,inf,109.54
2023,Saqib Zulfiqar,10,18,0,inf,55.56
2023,Saud Shakeel,216,225,0,inf,96.0
2023,Shadab Khan,81,85,0,inf,95.29
2023,Shaheen Shah Afridi,52,59,0,inf,88.14
2023,Shakib Al Hasan,172,210,0,inf,81.9
2023,Shariz Ahmad,6,8,0,inf,75.0
2023,Shoriful Islam,28,29,0,inf,96.55
2023,Shubman Gill,354,339,0,inf,104.42
2023,T Bavuma,122,171,0,inf,71.35
2023,T Shamsi,9,16,0,inf,56.25
2023,TA Boult,21,25,0,inf,84.0
2023,TG Southee,16,21,0,inf,76.19
2023,TM Head,329,259,0,inf,127.03
2023,TWM Latham,87,97,0,inf,89.69
2023,Tanzid Hasan,140,144,0,inf,97.22
2023,Tanzim Hasan Sakib,5,6,0,inf,83.33
2023,Taskin Ahmed,49,94,0,inf,52.13
2023,Towhid Hridoy,164,213,0,inf,77.0
2023,Usama Mir,0,3,0,,0.0
2023,V Kohli,710,809,0,inf,87.76
2023,Vikramjit Singh,98,153,0,inf,64.05
2023,W Barresi,82,112,0,inf,73.21
2023,WA Young,152,184,0,inf,82.61
