match_id,team1,team2,venue,city,country,toss_winner,toss_elected,year
543,,,Saurashtra Cricket Association Stadium,Rajkot,India,England,"England, who chose to bat",1975
544,,,Nehru Stadium,Kochi,India,India,"India, who chose to bat",1975
545,,,HEC International Cricket Stadium Complex,Ranchi,India,India,"India, who chose to bowl",1975
546,,,IS Bindra Stadium,Mohali,India,India,"India, who chose to bowl",1975
547,,,HPCA Stadium,Dharamsala,India,England,"England, who chose to field",1975
552,,,M. A. Chidambaram Stadium,Chennai,India,Pakistan,"Pakistan, who chose to field",1975
553,,,Eden Gardens,Kolkata,India,India,"India, who chose to field",1975
554,,,Arun Jaitley Stadium,Delhi,India,India,"India, who chose to bat",1975
598,,,Melbourne Cricket Ground,Melbourne,Australia,Australia,"Australia, who chose to bat",1975
599,,,Adelaide Oval,Adelaide,Australia,Sri Lanka,"Sri Lanka, who chose to bowl",1975
600,,,The Gabba,Brisbane,Australia,Australia,"Australia, who chose to bat",1975
601,,,Sydney Cricket Ground,Sydney,Australia,Australia,"Australia, who chose to bat",1975
602,,,Bellerive Oval,Hobart,Australia,Sri Lanka,"Sri Lanka, who chose to field",1975
613,,,Boland Park,Paarl,South Africa,,,1975
615,,,JB Marks Oval,Potchefstroom,South Africa,,,1975
733,,,WACA,Perth,Australia,West Indies,"West Indies, who chose to bat",1975
734,,,WACA,Perth,Australia,West Indies,"West Indies, who chose to bowl",1975
735,,,Manuka Oval,Canberra,Australia,Australia,"Australia, who chose to bat",1975
736,,,Sydney Cricket Ground,Sydney,Australia,West Indies,"West Indies, who chose to bat",1979
737,,,Melbourne Cricket Ground,Melbourne,Australia,West Indies,"West Indies, who chose to field",1979
749,,,Mangaung Oval,Bloemfontein,South Africa,,,1979
750,,,Supersport Park,Centurion,South Africa,,,1979
751,,,New Wanderers Stadium,Johannesburg,South Africa,,,1979
752,,,Kingsmead,Durban,South Africa,,,1979
755,,,National Cricket Stadium,St George's,West Indies,,,1979
756,,,National Cricket Stadium,St George's,West Indies,,,1979
757,,,National Cricket Stadium,St George's,West Indies,,,1979
763,,,Cardiff Wales Stadium,Cardiff,Wales,South Africa ,"South Africa, who chose to field",1979
764,,,The Oval,London,England,West Indies,"West Indies, who chose to field",1979
765,,,Edgbaston,Birmingham,England,England,"England, who chose to bat",1979
766,,,Cardiff Wales Stadium,Cardiff,Wales,Sri Lanka,"Sri Lanka, who chose to bat",1979
767,,,Edgbaston,Birmingham,England,South Africa,"South Africa, who chose to bat",1979
768,,,The Oval,London,England,India,"India, who chose to field",1979
769,,,Edgbaston,Birmingham,England,Australia,"Australia, who chose to bat",1983
770,,,The Oval,London,England,Sri Lanka,"Sri Lanka, who chose to field",1983
771,,,Cardiff Wales Stadium,Cardiff,Wales,West Indies ,"West Indies, who chose to field",1983
772,,,Edgbaston,Birmingham,England,India,"India, who chose to field",1983
773,,,Cardiff Wales Stadium,Cardiff,Wales,New Zealand,"New Zealand, who chose to field",1983
774,,,The Oval,London,England,Australia,"Australia, who chose to field",1983
775,,,The Oval,London,England,England,"England, who chose to field",1983
776,,,Cardiff Wales Stadium,Cardiff,Wales,India,"India, who chose to field",1983
777,,,Edgbaston,Birmingham,England,England,"England, who chose to field",1983
786,,,Headingley,Leeds,England,,,1983
787,,,Old Trafford,Manchester,England,England,"England, who chose to field",1983
788,,,Edgbaston,Birmingham,England,Australia,"Australia, who chose to field",1983
789,,,Cardiff Wales Stadium,Cardiff,Wales,England,"England, who chose to field",1983
790,,,The Ageas Bowl,Southampton,England,Australia,"Australia, who chose to bat",1983
794,,,Lord's,London,England,New Zealand,"New Zealand, who chose to field",1983
795,,,The Ageas Bowl,Southampton,England,New Zealand,"New Zealand, who chose to bat",1983
796,,,Trent Bridge,Nottingham,England,New Zealand,"New Zealand, who chose to field",1983
800,,,Queens Sports Club,Bulawayo,Zimbabwe,Zimbabwe,"Zimbabwe, who chose to field",1983
801,,,Queens Sports Club,Bulawayo,Zimbabwe,,,1983
802,,,Queens Sports Club,Bulawayo,Zimbabwe,Zimbabwe,"Zimbabwe, who chose to field",1983
809,,,Clontarf Cricket Club Ground,Dublin,Ireland,,,1983
810,,,Clontarf Cricket Club Ground,Dublin,Ireland,,,1983
812,,,VRA Cricket Ground,Amstelveen,Netherlands,,,1983
814,,,Sabina Park,Kingston,West Indies,West Indies,"West Indies, who chose to field",1983
815,,,Sabina Park,Kingston,West Indies,West Indies,"West Indies, who chose to field",1983
816,,,Sabina Park,Kingston,West Indies,India,"India, who chose to field",1983
817,,,Queen's Park Oval,Port of Spain,West Indies,West Indies,"West Indies, who chose to field",1983
818,,,Queen's Park Oval,Port of Spain,West Indies,West Indies,"West Indies, who chose to field",1987
819,,,Queen's Park Oval,Port of Spain,West Indies,Sri Lanka,"Sri Lanka, who chose to field",1987
820,,,Queen's Park Oval,Port of Spain,West Indies,India,"India, who chose to field",1987
822,,,Grange Cricket Club Ground,Edinburgh,Scotland,,,1987
824,,,Anglesea Road,Dublin,Ireland,,,1987
833,,,R Premadasa Stadium,Colombo,Sri Lanka,South Africa,"South Africa, who chose to field",1987
834,,,R Premadasa Stadium,Colombo,Sri Lanka,Sri Lanka,"Sri Lanka, who chose to bat",1987
835,,,Pallekele International Cricket Stadium,Pallekele,Sri Lanka,South Africa,"South Africa, who chose to bat",1987
836,,,Pallekele International Cricket Stadium,Pallekele,Sri Lanka,South Africa,"South Africa,  who chose to bat",1987
837,,,R Premadasa Stadium,Colombo,Sri Lanka,Sri Lanka,"Sri Lanka, who chose to bat",1987
842,,,Harare Sports Club,Harare,Zimbabwe,India,"India, who chose to field",1987
843,,,Harare Sports Club,Harare,Zimbabwe,Zimbabwe,"Zimbabwe, who chose to field",1987
844,,,Harare Sports Club,Harare,Zimbabwe,India,"India, who chose to field",1987
845,,,Queens Sports Club,Bulawayo,Zimbabwe,India,"India, who chose to field",1987
846,,,Queens Sports Club,Bulawayo,Zimbabwe,India,"India, who chose to field",1987
850,,,VRA Cricket Ground,Amstelveen,Netherlands,Ireland,"Ireland, who chose to bat",1987
851,,,VRA Cricket Ground,Amstelveen,Netherlands,Ireland,"Ireland, who chose to bat",1987
883,,,Hagley Oval,Christchurch,New Zealand,Sri Lanka,"Sri Lanka, who chose to field",1987
884,,,Melbourne Cricket Ground,Melbourne,Australia,England ,"England, who chose to field",1987
885,,,Seddon Park,Hamilton,New Zealand,Zimbabwe,"Zimbabwe, who chose to field",1987
886,,,Adelaide Oval,Adelaide,Australia,India,"India, who chose to bat",1987
887,,,Saxton Oval,Nelson,New Zealand,Ireland,"Ireland, who chose to field",1987
888,,,University Oval,Dunedin,New Zealand,New Zealand,"New Zealand, who chose to field",1987
889,,,Manuka Oval,Canberra,Australia,Bangladesh,"Bangladesh, who chose to bat",1987
890,,,Saxton Oval,Nelson,New Zealand,Zimbabwe,"Zimbabwe, who chose to field",1987
891,,,Wellington Regional Stadium,Wellington,New Zealand,England,"England, who chose to bat",1987
892,,,Hagley Oval,Christchurch,New Zealand,Pakistan,"Pakistan, who chose to field",1987
893,,,The Gabba,Brisbane,Australia,,,1992
894,,,University Oval,Dunedin,New Zealand,Sri Lanka,"Sri Lanka, who chose to field",1992
895,,,Melbourne Cricket Ground,Melbourne,Australia,India,"India, who chose to bat",1992
896,,,Hagley Oval,Christchurch,New Zealand,Scotland,"Scotland, who chose to field",1992
897,,,Manuka Oval,Canberra,Australia,West Indies,"West Indies, who chose to bat",1992
898,,,The Gabba,Brisbane,Australia,Ireland,"Ireland, who chose to field",1992
899,,,University Oval,Dunedin,New Zealand,Afghanistan,"Afghanistan, who chose to field",1992
900,,,Melbourne Cricket Ground,Melbourne,Australia,Sri Lanka,"Sri Lanka, who chose to bat",1992
901,,,Sydney Cricket Ground,Sydney,Australia,South Africa,"South Africa, who chose to bat",1992
902,,,Eden Park,Auckland,New Zealand,Australia,"Australia, who chose to bat",1992
903,,,WACA,Perth,Australia,UAE,"UAE, who chose to bat",1992
904,,,Wellington Regional Stadium,Wellington,New Zealand,England,"England, who chose to bat",1992
905,,,The Gabba,Brisbane,Australia,Pakistan,"Pakistan, who chose to bat",1992
906,,,Manuka Oval,Canberra,Australia,South Africa,"South Africa, who chose to bat",1992
907,,,McLean Park,Napier,New Zealand,UAE,"UAE, who chose to field",1992
908,,,WACA,Perth,Australia,Afghanistan,"Afghanistan, who chose to field",1992
909,,,Saxton Oval,Nelson,New Zealand,Bangladesh,"Bangladesh, who chose to field",1992
910,,,WACA,Perth,Australia,West Indies,"West Indies, who chose to bat",1992
911,,,Eden Park,Auckland,New Zealand,South Africa,South Africa win the toss and field,1992
912,,,Bellerive Oval,Hobart,Australia,Zimbabwe,"Zimbabwe, who chose to field",1992
913,,,McLean Park,Napier,New Zealand,Afghanistan,"Afghanistan, who chose to bat",1992
914,,,Sydney Cricket Ground,Sydney,Australia,Australia,"Australia, who chose to bat",1992
915,,,Adelaide Oval,Adelaide,Australia,England,"England, who chose to field",1992
916,,,Seddon Park,Hamilton,New Zealand,Ireland,"Ireland, who chose to bat",1992
917,,,Bellerive Oval,Hobart,Australia,Sri Lanka,"Sri Lanka, who chose to bat",1992
918,,,Wellington Regional Stadium,Wellington,New Zealand,UAE,"UAE, who chose to field",1992
919,,,Seddon Park,Hamilton,New Zealand,New Zealand,"New Zealand, who chose to field",1992
920,,,Sydney Cricket Ground,Sydney,Australia,England,"England, who chose to field",1992
921,,,Eden Park,Auckland,New Zealand,India,"India, who chose to field",1992
922,,,Bellerive Oval,Hobart,Australia,Australia,"Australia, who chose to field",1992
923,,,McLean Park,Napier,New Zealand,West Indies,"West Indies, who chose to field",1992
924,,,Adelaide Oval,Adelaide,Australia,Ireland,"Ireland, who chose to bat",1992
925,,,Sydney Cricket Ground,Sydney,Australia,Sri Lanka,"Sri Lanka, who chose to bat",1992
926,,,Melbourne Cricket Ground,Melbourne,Australia,India,"India, who chose to bat",1992
927,,,Adelaide Oval,Adelaide,Australia,Pakistan,"Pakistan, who chose to bat",1992
928,,,Wellington Regional Stadium,Wellington,New Zealand,New Zealand,"New Zealand, who chose to bat",1992
929,,,Eden Park,Auckland,New Zealand,South Africa,"South Africa, who chose to bat",1992
930,,,Sydney Cricket Ground,Sydney,Australia,Australia,"Australia, who chose to bat",1992
931,,,Melbourne Cricket Ground,Melbourne,Australia,New Zealand,"New Zealand, who chose to bat",1992
933,,,Providence Stadium,Providence,West Indies,West Indies,"West Indies, who chose to field",1996
934,,,Providence Stadium,Providence,West Indies,Pakistan,"Pakistan, who chose to field",1996
935,,,Daren Sammy National Cricket Stadium,Gros Islet,West Indies,West Indies,"West Indies, who chose to field",1996
936,,,Daren Sammy National Cricket Stadium,Gros Islet,West Indies,Pakistan,"Pakistan, who chose to field",1996
937,,,Daren Sammy National Cricket Stadium,Gros Islet,West Indies,Pakistan,"Pakistan, who chose to field",1996
943,,,Maharashtra Cricket Association's International Stadium,Pune,India,Australia,"Australia, who chose to bat",1996
944,,,Sawai Mansingh Stadium,Jaipur,India,Australia,"Australia, who chose to bat",1996
945,,,IS Bindra Stadium,Mohali,India,Australia,"Australia, who chose to field",1996
946,,,HEC International Cricket Stadium Complex,Ranchi,India,India,"India, who chose to field",1996
947,,,Barabati Stadium,Cuttack,India,,,1996
948,,,Vidarbha Cricket Association Stadium,Nagpur,India,India,"India, who chose to field",1996
949,,,M. Chinnaswamy Stadium,Bengaluru,India,Australia ,"Australia, who chose to field",1996
957,,,Melbourne Cricket Ground,Melbourne,Australia,England,"England, who chose to bat",1996
958,,,The Gabba,Brisbane,Australia,England,"England, who chose to bat",1996
959,,,Sydney Cricket Ground,Sydney,Australia,England,"England, who chose to bat",1996
960,,,WACA,Perth,Australia,Australia,"Australia, who chose to field",1996
961,,,Adelaide Oval,Adelaide,Australia,Australia,"Australia, who chose to bat",1996
966,,,New Wanderers Stadium,Johannesburg,South Africa,India,"India, who chose to field",1996
967,,,Kingsmead,Durban,South Africa,India,"India, who chose to field",1996
968,,,Supersport Park,Centurion,South Africa,South Africa,"South Africa, who chose to bat",1996
988,,,Sharjah Cricket Stadium,Sharjah,UAE,South Africa,"South Africa, who chose to bat",1996
989,,,Dubai International Stadium,Dubai,UAE,Pakistan,"Pakistan, who chose to bat",1996
990,,,Zayed Cricket Stadium,Abu Dhabi,UAE,South Africa,"South Africa, who chose to bat",1996
991,,,Zayed Cricket Stadium,Abu Dhabi,UAE,South Africa,"South Africa, who chose to bat",1996
992,,,Sharjah Cricket Stadium,Sharjah,UAE,South Africa,"South Africa, who chose to bat",1996
1067,,,Harare Sports Club,Harare,Zimbabwe,Pakistan,"Pakistan, who chose to bat",1996
1068,,,Harare Sports Club,Harare,Zimbabwe,Zimbabwe,"Zimbabwe, who chose to field",1996
1069,,,Harare Sports Club,Harare,Zimbabwe,Zimbabwe,"Zimbabwe, who chose to field",1996
1075,,,Sharjah Cricket Stadium,Sharjah,UAE,Pakistan,"Pakistan, who chose to bat",1996
1076,,,Dubai International Stadium,Dubai,UAE,Sri Lanka,"Sri Lanka, who chose to field",1996
1077,,,Sharjah Cricket Stadium,Sharjah,UAE,Sri Lanka,"Sri Lanka, who chose to field",1996
1078,,,Zayed Cricket Stadium,Abu Dhabi,UAE,Sri Lanka,"Sri Lanka, who chose to bat",1996
1079,,,Zayed Cricket Stadium,Abu Dhabi,UAE,Pakistan,"Pakistan, who chose to bat",1996
1088,,,Eden Park,Auckland,New Zealand,West Indies,"West Indies, who chose to field",1996
1089,,,McLean Park,Napier,New Zealand,,,1996
1090,,,John Davies Oval,Queenstown,New Zealand,West Indies,"West Indies, who chose to field",1996
1091,,,Saxton Oval,Nelson,New Zealand,New Zealand,"New Zealand, who chose to bat",1996
1092,,,Seddon Park,Hamilton,New Zealand,New Zealand,"New Zealand, who chose to field",1999
1110,,,Sir Vivian Richards Stadium,North Sound,West Indies,England,"England, who chose to field",1999
1111,,,Sir Vivian Richards Stadium,North Sound,West Indies,England,"England, who chose to field",1999
1112,,,Sir Vivian Richards Stadium,North Sound,West Indies,West Indies,"West Indies, who chose to field",1999
1225,,,McLean Park,Napier,New Zealand,India,"India, who chooses to field",1999
1226,,,Seddon Park,Hamilton,New Zealand,India,"India, who chose to field",1999
1227,,,Eden Park,Auckland,New Zealand,India,"India, who chose to field",1999
1228,,,Seddon Park,Hamilton,New Zealand,India,"India, who chose to bat",1999
1229,,,Westpac Stadium,Wellington,New Zealand,India,"India, who chose to field",1999
1235,,,Sher-e-Bangla National Cricket Stadium,Mirpur,Bangladesh,New Zealand,"New Zealand, who chose to field",1999
1236,,,Sher-e-Bangla National Cricket Stadium,Mirpur,Bangladesh,Bangladesh,"Bangladesh, who chose to bat",1999
1237,,,Khan Shaheb Osman Ali Stadium,Fatullah,Bangladesh,Bangladesh,"Bangladesh, who chose to field",1999
1240,,,Mahinda Rajapaksa International Cricket Stadium,Hambantota,Sri Lanka,New Zealand,"New Zealand, who chose to field",1999
1241,,,Mahinda Rajapaksa International Cricket Stadium,Hambantota,Sri Lanka,Sri Lanka,"Sri Lanka, who chose to bat",1999
1242,,,Rangiri Dambulla International Stadium,Dambulla,Sri Lanka,New Zealand,"New Zealand, who chose to field",1999
1251,,,Nehru Stadium,Kochi,India,West Indies,"West Indies, who chose to bat",1999
1252,,,ACA-VDCA Stadium,Visakhapatnam,India,West Indies,"West Indies, who chose to field",1999
1253,,,Green Park,Kanpur,India,India,"India, who chose to field",1999
1345,,,Newlands,Cape Town,South Africa,Pakistan,"Pakistan, who chose to bat",1999
1346,,,St George's Park,Port Elizabeth,South Africa,South Africa,"South Africa, who chose to field",1999
1347,,,Supersport Park,Centurion,South Africa,South Africa,"South Africa, who chose to field",1999
1378,,,Bert Sutcliffe Oval,Christchurch,New Zealand,,,1999
1399,,,Sylhet International Cricket Stadium,Sylhet,Bangladesh,Bangladesh,"Bangladesh, who chose to field",1999
1400,,,Sher-e-Bangla National Cricket Stadium,Mirpur,Bangladesh,Sri Lanka,"Sri Lanka, who chose to bat",1999
1401,,,Sher-e-Bangla National Cricket Stadium,Mirpur,Bangladesh,Sri Lanka,"Sri Lanka, who chose to field",1999
2351,,,Sabina Park,Kingston,West Indies,,,1999
2363,,,Khan Shaheb Osman Ali Stadium,Fatullah,Bangladesh,Sri Lanka,"Sri Lanka, who chose to bat",1999
2364,,,Khan Shaheb Osman Ali Stadium,Fatullah,Bangladesh,India,"India, who chose to field",1999
2365,,,Khan Shaheb Osman Ali Stadium,Fatullah,Bangladesh,Afghanistan,"Afghanistan, who chose to field",1999
2366,,,Khan Shaheb Osman Ali Stadium,Fatullah,Bangladesh,Sri Lanka,"Sri Lanka, who chose to field",1999
2367,,,Khan Shaheb Osman Ali Stadium,Fatullah,Bangladesh,Bangladesh,"Bangladesh, who chose to field",1999
2368,,,Sher-e-Bangla National Cricket Stadium,Mirpur,Bangladesh,Pakistan,"Pakistan, who chose to field",1999
2369,,,Sher-e-Bangla National Cricket Stadium,Mirpur,Bangladesh,Sri Lanka,"Sri Lanka, who chose to bat",1999
2370,,,Sher-e-Bangla National Cricket Stadium,Mirpur,Bangladesh,Bangladesh,"Bangladesh, who chose to bat",1999
2371,,,Sher-e-Bangla National Cricket Stadium,Mirpur,Bangladesh,India,"India, who chose to field",1999
2372,,,Sher-e-Bangla National Cricket Stadium,Mirpur,Bangladesh,Bangladesh,"Bangladesh, who chose to bat",1999
2373,,,Sher-e-Bangla National Cricket Stadium,Mirpur,Bangladesh,Pakistan,"Pakistan, who chose to bat",1999
2485,,,Clontarf Cricket Club Ground,Dublin,Ireland,,,1999
2486,,,Clontarf Cricket Club Ground,Dublin,Ireland,,,1999
2489,,,The Oval,London ,England,Sri Lanka,"Sri Lanka, who chose to field",1999
2490,,,Emirates Riverside,Chester-le-Street,England,England,"England, who chose to field",1999
2491,,,Old Trafford,Manchester,England,England,"England, who chose to field",1999
2492,,,Lord's,London,England,England,"England, who chose to field",2003
2493,,,Edgbaston,Birmingham,England,England,"England, who chose to bat",2003
2503,,,R Premadasa Stadium,Colombo,Sri Lanka,South Africa,"South Africa, who chose to bat",2003
2504,,,Pallekele International Cricket Stadium,Pallekele,Sri Lanka,Sri Lanka,"Sri Lanka, who chose to bat",2003
2505,,,Mahinda Rajapaksa International Cricket Stadium,Hambantota,Sri Lanka,South Africa,"South Africa, who chose to bat",2003
2514,,,Bristol County Ground,Bristol,England,,,2003
2515,,,Cardiff Wales Stadium,Cardiff,Wales,England,"England, who chose to field",2003
2516,,,Trent Bridge,Nottingham,England,India,"India, who chose to field",2003
2517,,,Edgbaston,Birmingham,England,India,"India, who chose to field",2003
2518,,,Headingley,Leeds,England,India,"India, who chose to field",2003
2522,,,Queens Sports Club,Bulawayo,Zimbabwe,Zimbabwe,"Zimbabwe, who chose to field",2003
2523,,,Queens Sports Club,Bulawayo,Zimbabwe,Zimbabwe,"Zimbabwe, who chose to field",2003
2524,,,Queens Sports Club,Bulawayo,Zimbabwe,South Africa,"South Africa, who chose to field",2003
2526,,,National Cricket Stadium,St George's,West Indies,West Indies,"West Indies, who chose to field",2003
2527,,,National Cricket Stadium,St George's,West Indies,Bangladesh,"Bangladesh, who chose to field",2003
2528,,,Warner Park,Basseterre,West Indies,West Indies,"West Indies, who chose to bat",2003
2533,,,Harare Sports Club,Harare,Zimbabwe,Zimbabwe,"Zimbabwe, who chose to field",2003
2534,,,Harare Sports Club,Harare,Zimbabwe,South Africa,"South Africa, who chose to field",2003
2535,,,Harare Sports Club,Harare,Zimbabwe,Zimbabwe,"Zimbabwe, who chose to field",2003
2536,,,Harare Sports Club,Harare,Zimbabwe,Australia,"Australia, who chose to bat",2003
2537,,,Harare Sports Club,Harare,Zimbabwe,South Africa,"South Africa, who chose to field",2003
2538,,,Harare Sports Club,Harare,Zimbabwe,Zimbabwe,"Zimbabwe,who chose to field",2003
2539,,,Harare Sports Club,Harare,Zimbabwe,South Africa,"South Africa, who chose to field",2003
2542,,,Sharjah Cricket Stadium,Sharjah,UAE,Australia,"Australia, who chose to bat",2003
2543,,,Dubai International Stadium,Dubai,UAE,Pakistan,"Pakistan, who chose to bat",2003
2544,,,Zayed Cricket Stadium,Abu Dhabi,UAE,Australia,"Australia, who chose to bat",2003
2554,,,Kingsmead,Durban,South Africa,South Africa,"South Africa, who chose to bat",2003
2555,,,New Wanderers Stadium,Johannesburg,South Africa,West Indies,"West Indies, who chose to field",2003
2556,,,Buffalo Park,East London,South Africa,West Indies,"West Indies, who chose to bat",2003
2557,,,St George's Park,Port Elizabeth,South Africa,West Indies,"West Indies, who chose to field",2003
2558,,,Supersport Park,Centurion,South Africa,West Indies,"West Indies, who chose to field",2003
2565,,,Dubai International Stadium,Dubai,UAE,Pakistan,"Pakistan, who chose to field",2003
2566,,,Sharjah Cricket Stadium,Sharjah,UAE,Pakistan,"Pakistan, who chose to bat",2003
2567,,,Sharjah Cricket Stadium,Sharjah,UAE,Pakistan,"Pakistan, who chose to bat",2003
2568,,,Zayed Cricket Stadium,Abu Dhabi,UAE,New Zealand,"New Zealand, who chose to bat",2003
2570,,,Sher-e-Bangla National Cricket Stadium,Mirpur,Bangladesh,Bangladesh,"Bangladesh, who chose to bat",2003
2571,,,Sher-e-Bangla National Cricket Stadium,Mirpur,Bangladesh,Bangladesh,"Bangladesh, who chose to field",2003
2572,,,Sher-e-Bangla National Cricket Stadium,Mirpur,Bangladesh,India,"India, who chose to bat",2003
2576,,,Mahinda Rajapaksa International Cricket Stadium,Hambantota,Sri Lanka,Pakistan,"Pakistan, who chose to field",2003
2577,,,Mahinda Rajapaksa International Cricket Stadium,Hambantota,Sri Lanka,Sri Lanka,"Sri Lanka, who chose to bat",2003
2578,,,Rangiri Dambulla International Stadium,Dambulla,Sri Lanka,Pakistan,"Pakistan, who chose to bat",2003
2599,,,R Premadasa Stadium,Colombo,Sri Lanka,England,"England, who chose to field",2003
2600,,,R Premadasa Stadium,Colombo,Sri Lanka,England,"England, who chose to bat",2003
2601,,,Mahinda Rajapaksa International Cricket Stadium,Hambantota,Sri Lanka,Sri Lanka,"Sri Lanka, who chose to bat",2003
2602,,,R Premadasa Stadium,Colombo,Sri Lanka,England,"England, who chose to bat",2003
2603,,,Pallekele International Cricket Stadium,Pallekele,Sri Lanka,England,"England, who chose to field",2003
2604,,,Pallekele International Cricket Stadium,Pallekele,Sri Lanka,Sri Lanka,"Sri Lanka, who chose to bat",2003
2605,,,R Premadasa Stadium,Colombo,Sri Lanka,Sri Lanka,"Sri Lanka, who chose to bat",2003
2616,,,Queens Sports Club,Bulawayo,Zimbabwe,,,2003
2617,,,Queens Sports Club,Bulawayo,Zimbabwe,,,2003
2618,,,Queens Sports Club,Bulawayo,Zimbabwe,,,2003
2619,,,Queens Sports Club,Bulawayo,Zimbabwe,,,2003
2630,,,WACA,Perth,Australia,South Africa,"South Africa, who chose to field",2003
2631,,,WACA,Perth,Australia,Australia,"Australia, who chose to bat",2003
2632,,,Manuka Oval,Canberra,Australia,Australia,"Australia, who chose to bat",2007
2633,,,Melbourne Cricket Ground,Melbourne,Australia,South Africa ,"South Africa, who chose to bat",2007
2634,,,Sydney Cricket Ground,Sydney,Australia,South Africa,"South Africa, who chose to bat",2007
2636,,,Sydney Cricket Ground,Sydney,Australia,England,"England, who chose to bat",2007
2637,,,Melbourne Cricket Ground,Melbourne,Australia,India,"India, who chose to bat",2007
2638,,,The Gabba,Brisbane,Australia,India,"India, who chose to bat",2007
2639,,,Bellerive Oval,Hobart,Australia,Australia,"Australia, who chose to field",2007
2644,,,Zahur Ahmed Chowdhury Stadium,Chittagong,Bangladesh,Zimbabwe,"Zimbabwe, who chose to field",2007
2645,,,Zahur Ahmed Chowdhury Stadium,Chittagong,Bangladesh,Bangladesh,"Bangladesh, who chose to bat",2007
2646,,,Sher-e-Bangla National Cricket Stadium,Mirpur,Bangladesh,Zimbabwe,"Zimbabwe, who chose to field",2007
2647,,,Sher-e-Bangla National Cricket Stadium,Mirpur,Bangladesh,Bangladesh,"Bangladesh, who chose to bat",2007
2648,,,Sher-e-Bangla National Cricket Stadium,Mirpur,Bangladesh,Zimbabwe,"Zimbabwe, who chose to bat",2007
2679,,,Zayed Cricket Stadium,Abu Dhabi,UAE,New Zealand,"New Zealand, who chose to bat",2007
2681,,,Nehru Stadium,Kochi,India,India,"India, who chose to field",2007
2682,,,Arun Jaitley Stadium,Delhi,India,India,"India, who chose to bat",2007
2683,,,ACA-VDCA Stadium,Visakhapatnam,India,,,2007
2684,,,HPCA Stadium,Dharamsala,India,West Indies,"West Indies, who chose to field",2007
2760,,,Bay Oval,Tauranga,New Zealand,South Africa,"South Africa, who chose to field",2007
2761,,,Bay Oval,Tauranga,New Zealand,New Zealand,"New Zealand, who chose to field",2007
2762,,,Seddon Park,Hamilton,New Zealand,New Zealand,"New Zealand, who chose to field",2007
2764,,,Barabati Stadium,Cuttack,India,Sri Lanka,"Sri Lanka, who chose to field",2007
2765,,,Narendra Modi Stadium,Ahmedabad,India,Sri Lanka,"Sri Lanka, who chose to bat",2007
2766,,,Rajiv Gandhi Intl. Cricket Stadium,Hyderabad,India,Sri Lanka,"Sri Lanka, who chose to bat",2007
2767,,,Eden Gardens,Kolkata,India,India,"India, who chose to bat",2007
2768,,,JSCA International Cricket Stadium,Ranchi,India,Sri Lanka,"Sri Lanka, who chose to bat",2007
2772,,,Hagley Oval,Christchurch,New Zealand,Sri Lanka,"Sri Lanka, who chose to bat",2007
2773,,,Seddon Park,Hamilton,New Zealand,New Zealand,"New Zealand, who chose to bat",2007
2774,,,Eden Park,Auckland,New Zealand,Sri Lanka,"Sri Lanka, who chose to field",2007
2775,,,Saxton Oval,Nelson,New Zealand,Sri Lanka,"Sri Lanka, who chose to bat",2007
2776,,,University Oval,Dunedin,New Zealand,Sri Lanka,"Sri Lanka, who chose to field",2007
2777,,,University Oval,Dunedin,New Zealand,New Zealand,"New Zealand, who chose to bat",2007
2778,,,Westpac Stadium,Wellington,New Zealand,Sri Lanka,"Sri Lanka, who chose to bat",2007
2782,,,Sydney Cricket Ground,Sydney,Australia,Australia,"Australia, who chose to field",2007
2783,,,WACA,Perth,Australia,England,"England, who chose to field",2007
2784,,,WACA,Perth,Australia,England,"England, who chose to field",2007
2787,,,ICC Academy,Dubai,UAE,Afghanistan,"Afghanistan, who chose to field",2007
2788,,,Dubai International Stadium,Dubai,UAE,Ireland,"Ireland, who chose to field",2007
2789,,,Dubai International Stadium,Dubai,UAE,Ireland,"Ireland, who chose to field",2007
2790,,,Zayed Cricket Stadium,Abu Dhabi,UAE,Scotland,"Scotland, who chose to bat",2007
2791,,,Dubai International Stadium,Dubai,UAE,Ireland,"Ireland, who chose to field",2007
2792,,,ICC Academy,Dubai,UAE,Ireland,"Ireland, who chose to field",2007
2803,,,Edgbaston,Birmingham,England,New Zealand,"New Zealand, who chose to field",2007
2804,,,The Oval,London ,England,New Zealand,"New Zealand, who chose to bat",2007
2805,,,The Ageas Bowl,Southampton,England,England,"England, who chose to bat",2007
2806,,,Trent Bridge,Nottingham,England,New Zealand,"New Zealand, who chose to bat",2007
2807,,,Emirates Riverside,Chester-le-Street,England,England,"England, who chose to field",2007
2813,,,Civil Service Cricket Club,Belfast,Northern Ireland,Australia,"Australia, who chose to bat",2007
2821,,,The Ageas Bowl,Southampton,England,Australia,"Australia, who chose to bat",2007
2822,,,Lord's,London,England,England,"England, who chose to field",2007
2823,,,Old Trafford,Manchester,England,England,"England, who chose to bat",2007
2824,,,Headingley,Leeds,England,Australia,"Australia, who chose to bat",2007
2825,,,Old Trafford,Manchester,England,England,"England, who chose to bat",2011
2827,,,Malahide,Dublin,Ireland,England,"England, who chose to field",2011
2831,,,Sher-e-Bangla National Cricket Stadium,Mirpur,Bangladesh,Bangladesh,"Bangladesh, who chose to bat",2011
2832,,,Sher-e-Bangla National Cricket Stadium,Mirpur,Bangladesh,South Africa,"South Africa, who chose to bat",2011
2833,,,Zahur Ahmed Chowdhury Stadium,Chittagong,Bangladesh,South Africa,"South Africa, who chose to bat",2011
2856,,,Wellington Regional Stadium,Wellington,New Zealand,New Zealand,"New Zealand, who chose to field",2011
2857,,,McLean Park,Napier,New Zealand,New Zealand,"New Zealand, who chose to bat",2011
2859,,,Headingley,Leeds,England,Australia,"Australia, who chose to bat",2011
2860,,,Edgbaston,Birmingham,England,New Zealand,"New Zealand, who chose to bat",2011
2861,,,Lord's,London,England,England,"England, who chose to bat",2011
2862,,,Old Trafford,Manchester,England,West Indies,"West Indies, who chose to field",2011
2863,,,The Oval,London,England,Sri Lanka,"Sri Lanka, who chose to field",2011
2864,,,Headingley,Leeds,England,East Africa,"East Africa, who chose to bat",2011
2865,,,Trent Bridge,Nottingham,England,New Zealand,"New Zealand, who chose to field",2011
2866,,,Edgbaston,Birmingham,England,Pakistan,"Pakistan, who chose to bat",2011
2867,,,The Oval,London,England,West Indies,"West Indies, who chose to field",2011
2868,,,Edgbaston,Birmingham,England,East Africa,"East Africa, who chose to field",2011
2869,,,Old Trafford,Manchester,England,India,"India, who chose to bat",2011
2870,,,Trent Bridge,Nottingham,England,Sri Lanka,"Sri Lanka, who chose to field",2011
2871,,,Headingley,Leeds,England,Australia,"Australia, who chose to field",2011
2872,,,The Oval,London,England,West Indies,"West Indies, who chose to field",2011
2873,,,Lord's,London,England,Australia,"Australia, who chose to field",2011
2875,,,Headingley,Leeds,England,Canada,"Canada, who chose to bat",2011
2876,,,Lord's,London,England,England,"England, who chose to field",2011
2877,,,Edgbaston,Birmingham,England,West Indies,"West Indies, who chose to field",2011
2878,,,Trent Bridge,Nottingham,England,New Zealand,"New Zealand, who chose to field",2011
2879,,,Trent Bridge,Nottingham,England,Australia,"Australia, who chose to field",2011
2880,,,Old Trafford,Manchester,England,Canada,"Canada, who chose to bat",2011
2881,,,Headingley,Leeds,England,New Zealand,"New Zealand, who chose to field",2011
2882,,,The Oval,London,England,,,2011
2883,,,Edgbaston,Birmingham,England,Australia,"Australia, who chose to field",2011
2884,,,Headingley,Leeds,England,Pakistan,"Pakistan, who chose to field",2011
2885,,,Old Trafford,Manchester,England,India,"India, who chose to field",2011
2886,,,Trent Bridge,Nottingham,England,New Zealand,"New Zealand, who chose to field",2011
2887,,,Old Trafford,Manchester,England,New Zealand,"New Zealand, who chose to field",2011
2888,,,The Oval,London,England,Pakistan,"Pakistan, who chose to field",2011
2889,,,Lord's,London,England,England,"England, who chose to field",2011
2891,,,Trent Bridge,Nottingham,England,Australia,"Australia, who chose to field",2011
2892,,,The Oval,London,England,England,"England, who chose to bat",2011
2893,,,Old Trafford,Manchester,England,West Indies,"West Indies, who chose to field",2011
2894,,,St Helen's,Swansea,Wales,Sri Lanka,"Sri Lanka, who chose to field",2011
2895,,,Headingley,Leeds,England,Australia,"Australia, who chose to field",2011
2896,,,The County Ground,Taunton,England,England,"England, who chose to bat",2011
2897,,,Grace Road,Leicester,England,India,"India, who chose to field",2011
2898,,,Edgbaston,Birmingham,England,Pakistan,"Pakistan, who chose to field",2011
2899,,,Trent Bridge,Nottingham,England,Australia,"Australia, who chose to bat",2011
2900,,,Lord's,London,England,Pakistan,"Pakistan, who chose to bat",2011
2901,,,Bristol County Ground,Bristol,England,New Zealand,"New Zealand, who chose to field",2011
2902,,,County Ground,Worcester,England,West Indies,"West Indies, who chose to field",2011
2903,,,Edgbaston,Birmingham,England,England,"England, who chose to bat",2015
2904,,,The Oval,London,England,West Indies,"West Indies, who chose to bat",2015
2905,,,The Ageas Bowl,Southampton,England,Australia,"Australia, who chose to bat",2015
2906,,,Headingley,Leeds,England,Sri Lanka,"Sri Lanka, who chose to field",2015
2907,,,Lord's,London,England,Australia,"Australia, who chose to bat",2015
2908,,,Old Trafford,Manchester,England,Pakistan,"Pakistan, who chose to bat",2015
2909,,,The Nevill Ground,Tunbridge Wells,England,India,"India, who chose to bat",2015
2910,,,County Ground,Derby,England,Sri Lanka,"Sri Lanka, who chose to field",2015
2911,,,The Cloudfm County Ground,Chelmsford,England,India,"India, who chose to bat",2015
2912,,,Headingley,Leeds,England,England,"England, who chose to field",2015
2913,,,Trent Bridge,Nottingham,England,Pakistan,"Pakistan, who chose to bat",2015
2914,,,Edgbaston,Birmingham,England,Zimbabwe,"Zimbabwe, who chose to bat",2015
2915,,,Old Trafford,Manchester,England,England,"England, who chose to bat",2015
2916,,,The Oval,London,England,West Indies,"West Indies, who chose to field",2015
2917,,,Lord's,London,England,West Indies,"West Indies, who chose to field",2015
2919,,,Niaz Stadium,Hyderabad,Pakistan,Pakistan,"Pakistan, who chose to bat",2015
2920,,,M. A. Chidambaram Stadium,Chennai,India,India,"India, who chose to field",2015
2921,,,Jinnah Stadium,Gujranwala,Pakistan,England,"England, who chose to field",2015
2922,,,Lal Bahadur Shastri Stadium,Hyderabad,India,Zimbabwe,"Zimbabwe, who chose to field",2015
2923,,,Pindi Club Ground,Rawalpindi,Pakistan,England,"England, who chose to field",2015
2924,,,M. A. Chidambaram Stadium,Chennai,India,Zimbabwe,"Zimbabwe, who chose to field",2015
2925,,,National Stadium,Karachi,Pakistan,Sri Lanka,"Sri Lanka, who chose to field",2015
2926,,,M. Chinnaswamy Stadium,Bengaluru,India,New Zealand,"New Zealand, who chose to field",2015
2927,,,Gaddafi Stadium,Lahore,Pakistan,West Indies,"West Indies, who chose to bat",2015
2928,,,Wankhede Stadium,Mumbai,India,Zimbabwe,"Zimbabwe, who chose to bat",2015
2929,,,Arbab Niaz Stadium,Peshawar,Pakistan,England,"England, who chose to bat",2015
2930,,,Indore,Indore,India,New Zealand,"New Zealand, who chose to field",2015
2931,,,National Stadium,Karachi,Pakistan,Pakistan,"Pakistan, who chose to field",2015
2932,,,Modi Stadium,Kanpur,India,Sri Lanka,"Sri Lanka, who chose to field",2015
2933,,,Arun Jaitley Stadium,Delhi,India,Australia,"Australia, who chose to field",2015
2934,,,Eden Gardens,Kolkata,India,New Zealand,"New Zealand, who chose to field",2015
2935,,,Iqbal Stadium,Faisalabad,Pakistan,Pakistan,"Pakistan, who chose to bat",2015
2936,,,Sawai Mansingh Stadium,Jaipur,India,West Indies,"West Indies, who chose to field",2015
2937,,,Narendra Modi Stadium,Ahmedabad,India,India,"India, who chose to field",2015
2938,,,Chandigarh,Chandigarh,India,Australia,"Australia, who chose to bat",2015
2939,,,Barabati Stadium,Cuttack,India,Zimbabwe,"Zimbabwe, who chose to field",2015
2940,,,Pune,Pune,India,Sri Lanka,"Sri Lanka, who chose to bat",2015
2941,,,National Stadium,Karachi,Pakistan,West Indies,"West Indies, who chose to bat",2015
2942,,,Vidarbha Cricket Association Stadium,Nagpur,India,New Zealand,"New Zealand, who chose to bat",2015
2943,,,Gaddafi Stadium,Lahore,Pakistan,Australia,"Australia, who chose to bat",2015
2944,,,Wankhede Stadium,Mumbai,India,India,"India, who chose to field",2015
2945,,,Eden Gardens,Kolkata,India,Australia,"Australia, who chose to bat",2015
2947,,,Eden Park,Auckland,New Zealand,New Zealand,"New Zealand, who chose to bat",2015
2948,,,WACA,Perth,Australia,England,"England, who chose to bat",2015
2949,,,Pukekura Park,New Plymouth,New Zealand,Sri Lanka,"Sri Lanka, who chose to field",2015
2950,,,Melbourne Cricket Ground,Melbourne,Australia,West Indies,"West Indies, who chose to field",2015
2951,,,Seddon Park,Hamilton,New Zealand,New Zealand,"New Zealand, who chose to field",2015
2952,,,Sydney Cricket Ground,Sydney,Australia,Australia,"Australia, who chose to bat",2015
2953,,,Melbourne Cricket Ground,Melbourne,Australia,England,"England, who chose to field",2015
2954,,,Bellerive Oval,Hobart,Australia,Zimbabwe,"Zimbabwe, who chose to field",2019
2955,,,Ray Mitchell Oval,Mackay,Australia,Sri Lanka,"Sri Lanka, who chose to field",2019
2956,,,Eden Park,Auckland,New Zealand,South Africa,"South Africa, who chose to bat",2019
2957,,,The Gabba,Brisbane,Australia,Zimbabwe,"Zimbabwe, who chose to field",2019
2958,,,The Gabba,Brisbane,Australia,Australia,"Australia, who chose to bat",2019
2959,,,Adelaide Oval,Adelaide,Australia,England,"England, who chose to field",2019
2960,,,Basin Reserve,Wellington,New Zealand,Sri Lanka,"Sri Lanka, who chose to field",2019
2961,,,McLean Park,Napier,New Zealand,Zimbabwe,"Zimbabwe, who chose to field",2019
2962,,,Sydney Cricket Ground,Sydney,Australia,India,"India, who chose to bat",2019
2963,,,Lancaster Park,Christchurch,New Zealand,West Indies,"West Indies, who chose to field",2019
2964,,,Sydney Cricket Ground,Sydney,Australia,Australia,"Australia, who chose to bat",2019
2965,,,Seddon Park,Hamilton,New Zealand,India,"India, who chose to bat",2019
2966,,,Adelaide Oval,Adelaide,Australia,Australia,"Australia, who chose to field",2019
2967,,,Eden Park,Auckland,New Zealand,New Zealand,"New Zealand, who chose to field",2019
2968,,,The Gabba,Brisbane,Australia,Pakistan,"Pakistan, who chose to field",2019
2969,,,Eastern Oval,Ballarat,Australia,England,"England, who chose to bat",2019
2970,,,Basin Reserve,Wellington,New Zealand,India,"India, who chose to bat",2019
2971,,,Manuka Oval,Canberra,Australia,South Africa,"South Africa, who chose to field",2019
2972,,,WACA,Perth,Australia,Pakistan,"Pakistan, who chose to bat",2019
2973,,,Carisbrook,Dunedin,New Zealand,New Zealand,"New Zealand, who chose to field",2019
2974,,,Melbourne Cricket Ground,Melbourne,Australia,England,"England, who chose to field",2019
2975,,,Berri Oval,Berri,Australia,Sri Lanka,"Sri Lanka, who chose to field",2019
2976,,,Bellerive Oval,Hobart,Australia,Australia,"Australia, who chose to bat",2019
2977,,,Basin Reserve,Wellington,New Zealand,New Zealand,"New Zealand, who chose to field",2019
2978,,,Adelaide Oval,Adelaide,Australia,South Africa,"South Africa, who chose to field",2019
2979,,,WACA,Perth,Australia,Sri Lanka,"Sri Lanka, who chose to bat",2019
2980,,,Lancaster Park,Christchurch,New Zealand,Pakistan,"Pakistan, who chose to field",2019
2981,,,Melbourne Cricket Ground,Melbourne,Australia,Australia,"Australia, who chose to bat",2019
2982,,,Lavington Sports Oval,Albury,Australia,England,"England, who chose to field",2019
2983,,,Eden Park,Auckland,New Zealand,New Zealand,"New Zealand, who chose to bat",2019
2984,,,Sydney Cricket Ground,Sydney,Australia,South Africa,"South Africa, who chose to field",2019
2985,,,Melbourne Cricket Ground,Melbourne,Australia,Pakistan,"Pakistan, who chose to bat",2019
2987,,,Narendra Modi Stadium,Ahmedabad,India,England,"England, who chose to field",2019
2988,,,Lal Bahadur Shastri Stadium,Hyderabad,India,Zimbabwe,"Zimbabwe, who chose to bat",2019
2989,,,Rawalpindi Cricket Stadium,Rawalpindi,Pakistan,United Arab Emirates,"United Arab Emirates, who chose to field",2019
2990,,,R Premadasa Stadium,Colombo,Sri Lanka,,,2019
2991,,,Reliance Cricket Stadium,Vadodara,India,New Zealand,"New Zealand, who chose to bat",2019
2992,,,Barabati Stadium,Cuttack,India,India,"India, who chose to field",2019
2993,,,Arbab Niaz Stadium,Peshawar,Pakistan,United Arab Emirates,"United Arab Emirates, who chose to bat",2019
2994,,,Iqbal Stadium,Faisalabad,Pakistan,New Zealand,"New Zealand, who chose to bat",2019
2995,,,Sinhalese Sports Club Ground,Colombo,Sri Lanka,Zimbabwe,"Zimbabwe, who chose to bat",2019
2996,,,Captain Roop Singh Stadium,Gwalior,India,West Indies,"West Indies, who chose to bat",2019
2997,,,Arbab Niaz Stadium,Peshawar,Pakistan,England,"England, who chose to bat",2019
2998,,,Visakhapatnam,Visakhapatnam,India,Kenya,"Kenya, who chose to field",2019
2999,,,Jinnah Stadium,Gujranwala,Pakistan,Pakistan,"Pakistan, who chose to field",2019
3000,,,Rawalpindi Cricket Stadium,Rawalpindi,Pakistan,South Africa,"South Africa, who chose to bat",2019
3001,,,R Premadasa Stadium,Colombo,Sri Lanka,,,2019
3002,,,Moin-ul-Haq Stadium,Patna,India,Zimbabwe,"Zimbabwe, who chose to bat",2019
3003,,,Gaddafi Stadium,Lahore,Pakistan,Netherlands,"Netherlands, who chose to bat",2023
3004,,,Wankhede Stadium,Mumbai,India,Australia,"Australia, who chose to bat",2023
3005,,,Moin-ul-Haq Stadium,Patna,India,Zimbabwe,"Zimbabwe, who chose to field",2023
3006,,,Iqbal Stadium,Faisalabad,Pakistan,United Arab Emirates,"United Arab Emirates, who chose to field",2023
3007,,,Pune,Pune,India,West Indies,"West Indies, who chose to field",2023
3008,,,National Stadium,Karachi,Pakistan,Pakistan,"Pakistan, who chose to bat",2023
3009,,,Vidarbha Cricket Association Stadium,Nagpur,India,Zimbabwe,"Zimbabwe, who chose to bat",2023
3010,,,Gaddafi Stadium,Lahore,Pakistan,United Arab Emirates,"United Arab Emirates, who chose to field",2023
3011,,,Arun Jaitley Stadium,Delhi,India,Sri Lanka,"Sri Lanka, who chose to field",2023
3012,,,National Stadium,Karachi,Pakistan,England,"England, who chose to bat",2023
3013,,,Sawai Mansingh Stadium,Jaipur,India,Australia,"Australia, who chose to bat",2023
3014,,,Rawalpindi Cricket Stadium,Rawalpindi,Pakistan,South Africa,"South Africa, who chose to bat",2023
3015,,,Asgiriya Stadium,Kandy,Sri Lanka,Kenya,"Kenya, who chose to field",2023
3016,,,Modi Stadium,Kanpur,India,Zimbabwe,"Zimbabwe, who chose to field",2023
3017,,,Gaddafi Stadium,Lahore,Pakistan,New Zealand,"New Zealand, who chose to field",2023
3018,,,M. Chinnaswamy Stadium,Bengaluru,India,India,"India, who chose to bat",2023
3019,,,Iqbal Stadium,Faisalabad,Pakistan,England,"England, who chose to bat",2023
3020,,,M. A. Chidambaram Stadium,Chennai,India,New Zealand,"New Zealand, who chose to bat",2023
3021,,,National Stadium,Karachi,Pakistan,West Indies,"West Indies, who chose to bat",2023
3022,,,Eden Gardens,Kolkata,India,India,"India, who chose to field",2023
3023,,,IS Bindra Stadium,Mohali,India,Australia,"Australia, who chose to bat",2023
3024,,,Gaddafi Stadium,Lahore,Pakistan,Sri Lanka,"Sri Lanka, who chose to field",2023
3026,,,Lord's,London,England,England,"England, who chose to field",2023
3027,,,The 1st Central County Ground,Hove,England,India,"India, who chose to bat",2023
3028,,,The County Ground,Taunton,England,Zimbabwe,"Zimbabwe, who chose to field",2023
3029,,,County Ground,Worcester,England,Australia,"Australia, who chose to field",2023
3030,,,Bristol County Ground,Bristol,England,Pakistan,"Pakistan, who chose to bat",2023
3031,,,The Cloudfm County Ground,Chelmsford,England,New Zealand,"New Zealand, who chose to field",2023
3032,,,St Lawrence Ground,Canterbury,England,England,"England, who chose to field",2023
3033,,,Grace Road,Leicester,England,India,"India, who chose to field",2023
3034,,,The County Ground,Northampton,England,Sri Lanka,"Sri Lanka, who chose to field",2023
3035,,,Cardiff Wales Stadium,Cardiff,Wales,Australia,"Australia, who chose to bat",2023
3036,,,Emirates Riverside,Chester-le-Street,England,Scotland,"Scotland, who chose to field",2023
3037,,,Castle Avenue,Dublin,Ireland,Bangladesh,"Bangladesh, who chose to bat",2023
3038,,,The Oval,London,England,England,"England, who chose to field",2023
3039,,,County Ground,Worcester,England,Sri Lanka,"Sri Lanka, who chose to field",2023
3040,,,Headingley,Leeds,England,Australia,"Australia, who chose to field",2023
3041,,,Bristol County Ground,Bristol,England,Kenya,"Kenya, who chose to field",2023
3042,,,The Ageas Bowl,Southampton,England,West Indies,"West Indies, who chose to field",2023
3043,,,Grange Cricket Club Ground,Edinburgh,Scotland,Scotland,"Scotland, who chose to field",2023
3044,,,Trent Bridge,Nottingham,England,England,"England, who chose to field",2023
3045,,,VRA Cricket Ground,Amstelveen,Netherlands,South Africa,"South Africa, who chose to field",2023
3046,,,The County Ground,Taunton,England,Sri Lanka,"Sri Lanka, who chose to field",2023
3047,,,Emirates Riverside,Chester-le-Street,England,Australia,"Australia, who chose to field",2023
3048,,,Grace Road,Leicester,England,Scotland,"Scotland, who chose to bat",2023
3049,,,County Ground,Derby,England,New Zealand,"New Zealand, who chose to field",2023
3050,,,Edgbaston,Birmingham,England,England,"England, who chose to field",2023
3051,,,The Cloudfm County Ground,Chelmsford,England,Zimbabwe,"Zimbabwe, who chose to bat",2023