batter,innings,runs,balls,outs,average,strike_rate
A Bagai,518,324,518,0,inf,62.55
A Balbirnie,266,236,266,0,inf,88.72
A Codrington,72,28,72,0,inf,38.89
A Dutt,68,60,68,0,inf,88.24
A Flintoff,365,248,365,0,inf,67.95
A Flower,472,332,472,0,inf,70.34
A Kumble,47,25,47,0,inf,53.19
A Nehra,9,9,9,0,inf,100.0
A Nel,47,9,47,0,inf,19.15
A Patel,30,25,30,0,inf,83.33
A Shahzad,5,7,5,0,inf,140.0
A Symonds,561,515,561,0,inf,91.8
A Zampa,66,49,66,0,inf,74.24
AA Mulla,62,58,62,0,inf,93.55
AA Obanda,70,43,70,0,inf,61.43
AAP Atkinson,26,37,26,0,inf,142.31
AB Agarkar,27,10,27,0,inf,37.04
AB de Villiers,1047,1207,1047,0,inf,115.28
AC Botha,179,84,179,0,inf,46.93
AC Cummins,8,9,8,0,inf,112.5
AC Evans,20,10,20,0,inf,50.0
AC Gilchrist,846,861,846,0,inf,101.77
AD Hales,34,27,34,0,inf,79.41
AD Mathews,603,517,603,0,inf,85.74
AD Russell,145,192,145,0,inf,132.41
ADR Campbell,25,7,25,0,inf,28.0
AF Buurman,34,26,34,0,inf,76.47
AF Giles,33,19,33,0,inf,57.58
AF Milne,5,1,5,0,inf,20.0
AF Sattaur,63,20,63,0,inf,31.75
AG Cremer,145,99,145,0,inf,68.28
AG Prince,137,107,137,0,inf,78.1
AJ Bichel,141,117,141,0,inf,82.98
AJ Burger,204,199,204,0,inf,97.55
AJ Finch,760,717,760,0,inf,94.34
AJ Hall,49,50,49,0,inf,102.04
AJ McKay,2,0,2,0,,0.0
AJ Stewart,204,136,204,0,inf,66.67
AJ Strauss,493,417,493,0,inf,84.58
AK Markram,537,521,537,0,inf,97.02
AL Phehlukwayo,146,116,146,0,inf,79.45
AM Blignaut,91,123,91,0,inf,135.16
AM Guruge,26,14,26,0,inf,53.85
AM Rahane,259,208,259,0,inf,80.31
AM Samad,108,57,108,0,inf,52.78
AN Kervezee,182,98,182,0,inf,53.85
AO Suji,45,21,45,0,inf,46.67
AR Adams,78,90,78,0,inf,115.38
AR Berenger,115,53,115,0,inf,46.09
AR Caddick,57,25,57,0,inf,43.86
AR Cusack,129,99,129,0,inf,76.74
AR McBrine,4,2,4,0,inf,50.0
AR Nurse,26,20,26,0,inf,76.92
AR White,215,143,215,0,inf,66.51
AS Hansra,381,215,381,0,inf,56.43
AT Carey,368,375,368,0,inf,101.9
AT Nidamanuru,172,164,172,0,inf,95.35
AU Rashid,122,117,122,0,inf,95.9
AY Karim,2,0,2,0,,0.0
Abdul Razzaq,283,203,283,0,inf,71.73
Abdullah Shafique,295,278,295,0,inf,94.24
Abdur Razzak,92,44,92,0,inf,47.83
Abdur Rehman,17,6,17,0,inf,35.29
Adeel Raja,34,10,34,0,inf,29.41
Aftab Ahmed,159,128,159,0,inf,80.5
Agha Salman,45,51,45,0,inf,113.33
Ahmed Shehzad,416,271,416,0,inf,65.14
Akram Khan,102,57,102,0,inf,55.88
Al Sahariar,60,28,60,0,inf,46.67
Alok Kapali,94,48,94,0,inf,51.06
Amjad Ali,193,96,193,0,inf,49.74
Amjad Javed,203,170,203,0,inf,83.74
Anamul Haque,43,29,43,0,inf,67.44
Arafat Sunny,3,3,3,0,inf,100.0
Asad Shafiq,220,154,220,0,inf,70.0
Asif Ali,20,19,20,0,inf,95.0
Azhar Mahmood,22,2,22,0,inf,9.09
B Kumar,5,2,5,0,inf,40.0
B Lee,45,28,45,0,inf,62.22
B Zuiderent,227,100,227,0,inf,44.05
BA Murphy,11,3,11,0,inf,27.27
BA Stokes,856,775,856,0,inf,90.54
BA Westdijk,3,0,3,0,,0.0
BAW Mendis,2,0,2,0,,0.0
BB McCullum,604,700,604,0,inf,115.89
BB Seebaran,14,4,14,0,inf,28.57
BC Lara,622,507,622,0,inf,81.51
BFW de Leede,197,136,197,0,inf,69.04
BJ Haddin,500,438,500,0,inf,87.6
BJ Hodge,120,152,120,0,inf,126.67
BJ Patel,92,45,92,0,inf,48.91
BKG Mendis,431,396,431,0,inf,91.88
BL Kotze,52,27,52,0,inf,51.92
BMAJ Mendis,56,23,56,0,inf,41.07
BO van Rooi,39,26,39,0,inf,66.67
BP Kruger,12,8,12,0,inf,66.67
BP Loots,10,6,10,0,inf,60.0
BRM Taylor,798,690,798,0,inf,86.47
Babar Azam,800,675,800,0,inf,84.38
C Green,86,63,86,0,inf,73.26
C Karunaratne,28,8,28,0,inf,28.57
C Munro,106,103,106,0,inf,97.17
C White,84,79,84,0,inf,94.05
C de Grandhomme,194,190,194,0,inf,97.94
CA Ingram,43,46,43,0,inf,106.98
CAK Rajitha,53,47,53,0,inf,88.68
CB Mpofu,31,7,31,0,inf,22.58
CB Wishart,347,293,347,0,inf,84.44
CBRLS Kumara,8,4,8,0,inf,50.0
CD Collymore,24,22,24,0,inf,91.67
CD McMillan,424,353,424,0,inf,83.25
CH Gayle,1185,1060,1185,0,inf,89.45
CH Morris,63,74,63,0,inf,117.46
CJ Anderson,215,224,215,0,inf,104.19
CJ Chibhabha,227,125,227,0,inf,55.07
CJ Jordan,1,0,1,0,,0.0
CJ Smith,5,0,5,0,,0.0
CJO Smith,130,85,130,0,inf,65.38
CK Coventry,38,18,38,0,inf,47.37
CK Kapugedera,8,3,8,0,inf,37.5
CK Langeveldt,57,16,57,0,inf,28.07
CL Cairns,278,223,278,0,inf,80.22
CL Hooper,118,93,118,0,inf,78.81
CL White,115,70,115,0,inf,60.87
CM Wright,29,5,29,0,inf,17.24
CN Ackermann,236,187,236,0,inf,79.24
CO Obuya,501,349,501,0,inf,69.66
CR Brathwaite,143,140,143,0,inf,97.9
CR Ervine,453,390,453,0,inf,86.09
CR Woakes,388,345,388,0,inf,88.92
CRD Fernando,43,33,43,0,inf,76.74
CS MacLeod,61,48,61,0,inf,78.69
CT Tremlett,7,3,7,0,inf,42.86
CZ Harris,172,116,172,0,inf,67.44
D Bishoo,15,6,15,0,inf,40.0
D Joseph,27,13,27,0,inf,48.15
D Keulder,221,132,221,0,inf,59.73
D Langford-Smith,73,67,73,0,inf,91.78
D Madushanka,64,28,64,0,inf,43.75
D Mongia,211,120,211,0,inf,56.87
D Pretorius,8,3,8,0,inf,37.5
D Ramdin,246,191,246,0,inf,77.64
DA Gunawardene,67,42,67,0,inf,62.69
DA Marillier,56,41,56,0,inf,73.21
DA Miller,710,792,710,0,inf,111.55
DA Minors,64,48,64,0,inf,75.0
DA Warner,1262,1242,1262,0,inf,98.42
DB Kotze,135,82,135,0,inf,60.74
DBL Powell,55,56,55,0,inf,101.82
DC Thomas,79,41,79,0,inf,51.9
DCC Borden,79,21,79,0,inf,26.58
DD Ebrahim,127,79,127,0,inf,62.2
DF Watts,70,33,70,0,inf,47.14
DJ Bravo,201,169,201,0,inf,84.08
DJ Hussey,36,52,36,0,inf,144.44
DJ Malan,375,372,375,0,inf,99.2
DJ Mitchell,504,551,504,0,inf,109.33
DJ Reekers,34,38,34,0,inf,111.76
DJ Willey,69,78,69,0,inf,113.04
DJG Sammy,239,231,239,0,inf,96.65
DL Hemp,131,90,131,0,inf,68.7
DL Vettori,204,167,204,0,inf,81.86
DLS van Bunge,298,172,298,0,inf,57.72
DM Bravo,304,207,304,0,inf,68.09
DM de Silva,336,234,336,0,inf,69.64
DN Wellalage,18,12,18,0,inf,66.67
DO Obuya,169,73,169,0,inf,43.2
DP Conway,364,352,364,0,inf,96.7
DPMD Jayawardene,1078,898,1078,0,inf,83.3
DR Brown,102,64,102,0,inf,62.75
DR Chumney,164,95,164,0,inf,57.93
DR Martyn,322,256,322,0,inf,79.5
DR Smith,147,142,147,0,inf,96.6
DR Tuffey,17,15,17,0,inf,88.24
DS Lehmann,235,195,235,0,inf,82.98
DS Smith,550,399,550,0,inf,72.55
DT Hondo,27,3,27,0,inf,11.11
DT Johnston,198,171,198,0,inf,86.36
DW Steyn,76,45,76,0,inf,59.21
Danish Kaneria,4,6,4,0,inf,150.0
E Chigumbura,269,235,269,0,inf,87.36
E Lewis,87,73,87,0,inf,83.91
E Otieno,39,13,39,0,inf,33.33
E Schiferli,113,66,113,0,inf,58.41
EC Joyce,753,574,753,0,inf,76.23
EC Rainsford,1,1,1,0,inf,100.0
EJG Morgan,743,524,743,0,inf,70.52
ES Szwarczynski,151,81,151,0,inf,53.64
Ehsan Adil,22,15,22,0,inf,68.18
Ehsanul Haque,76,28,76,0,inf,36.84
F Behardien,36,74,36,0,inf,205.56
F Kasteni,24,9,24,0,inf,37.5
F du Plessis,1089,926,1089,0,inf,85.03
FA Allen,34,51,34,0,inf,150.0
FDM Karunaratne,296,206,296,0,inf,69.59
FRJ Coleman,98,77,98,0,inf,78.57
Fakhar Zaman,408,406,408,0,inf,99.51
G Coetzee,78,54,78,0,inf,69.23
G Gambhir,476,393,476,0,inf,82.56
G Kirsten,228,186,228,0,inf,81.58
G Snyman,9,5,9,0,inf,55.56
GA Lamb,86,62,86,0,inf,72.09
GA Rogers,50,32,50,0,inf,64.0
GB Brent,21,12,21,0,inf,57.14
GB Hogg,84,87,84,0,inf,103.57
GB Murgatroyd,148,90,148,0,inf,60.81
GC Smith,878,747,878,0,inf,85.08
GC Wilson,284,263,284,0,inf,92.61
GD Elliott,269,291,269,0,inf,108.18
GD McGrath,2,3,2,0,inf,150.0
GD Phillips,182,214,182,0,inf,117.58
GEF Barnett,81,47,81,0,inf,58.02
GH Dockrell,142,96,142,0,inf,67.61
GJ Bailey,69,55,69,0,inf,79.71
GJ Maxwell,403,608,403,0,inf,150.87
GJ Whittall,71,59,71,0,inf,83.1
GM Hamilton,46,11,46,0,inf,23.91
GP Swann,52,60,52,0,inf,115.38
GR Codrington,8,7,8,0,inf,87.5
GS Ballance,74,36,74,0,inf,48.65
GW Flower,227,177,227,0,inf,77.97
H Klaasen,274,363,274,0,inf,132.48
H Masakadza,165,122,165,0,inf,73.94
H Osinde,18,6,18,0,inf,33.33
H Patel,84,85,84,0,inf,101.19
HA Varaiya,23,5,23,0,inf,21.74
HC Brook,89,103,89,0,inf,115.73
HDRL Thirimanne,493,420,493,0,inf,85.19
HE van der Dussen,791,683,791,0,inf,86.35
HH Dippenaar,162,108,162,0,inf,66.67
HH Gibbs,766,726,766,0,inf,94.78
HH Pandya,209,230,209,0,inf,110.05
HH Streak,170,166,170,0,inf,97.65
HJC Mol,103,38,103,0,inf,36.89
HJH Marshall,102,81,102,0,inf,79.41
HJW Gardiner,33,19,33,0,inf,57.58
HK Bennett,4,0,4,0,,0.0
HK Olonga,12,3,12,0,inf,25.0
HM Amla,950,801,950,0,inf,84.32
HM Nicholls,154,91,154,0,inf,59.09
HMCM Bandara,19,17,19,0,inf,89.47
HMRKB Herath,33,17,33,0,inf,51.52
HP Tillakaratne,313,178,313,0,inf,56.87
HS Baidwan,80,54,80,0,inf,67.5
HS Modi,270,101,270,0,inf,37.41
Habibul Bashar,250,105,250,0,inf,42.0
Hannan Sarkar,64,34,64,0,inf,53.12
Harbhajan Singh,116,93,116,0,inf,80.17
Haris Rauf,45,53,45,0,inf,117.78
Haris Sohail,413,348,413,0,inf,84.26
Hasan Ali,54,63,54,0,inf,116.67
Hasan Mahmud,25,15,25,0,inf,60.0
I Maraj,273,98,273,0,inf,35.9
I Udana,57,35,57,0,inf,61.4
I Wardlaw,3,0,3,0,,0.0
ID Blackwell,30,38,30,0,inf,126.67
IDR Bradshaw,62,26,62,0,inf,41.94
IH Romaine,34,11,34,0,inf,32.35
IJ Harvey,86,66,86,0,inf,76.74
IJL Trott,533,422,533,0,inf,79.17
IR Bell,958,666,958,0,inf,69.52
IS Billcliff,353,217,353,0,inf,61.47
IS Sodhi,5,5,5,0,inf,100.0
Iftikhar Ahmed,98,102,98,0,inf,104.08
Iftikhar Anjum,81,51,81,0,inf,62.96
Imad Wasim,87,113,87,0,inf,129.89
Imam-ul-Haq,517,414,517,0,inf,80.08
Imran Nazir,185,190,185,0,inf,102.7
Imran Tahir,35,20,35,0,inf,57.14
Imrul Kayes,324,197,324,0,inf,60.8
Inzamam-ul-Haq,147,93,147,0,inf,63.27
Ishan Kishan,1,0,1,0,,0.0
J Botha,59,58,59,0,inf,98.31
J Charles,46,58,46,0,inf,126.09
J Mubarak,2,0,2,0,,0.0
J Smits,148,61,148,0,inf,41.22
J Srinath,7,1,7,0,inf,14.29
JAR Blain,68,41,68,0,inf,60.29
JC Archer,22,13,22,0,inf,59.09
JC Buttler,493,587,493,0,inf,119.07
JC Tredwell,23,9,23,0,inf,39.13
JD Ryder,271,184,271,0,inf,67.9
JDP Oram,367,259,367,0,inf,70.57
JDS Neesham,355,303,355,0,inf,85.35
JE Root,1086,935,1086,0,inf,86.1
JE Taylor,91,74,91,0,inf,81.32
JEC Franklin,142,147,142,0,inf,103.52
JF Kloppenburg,240,149,240,0,inf,62.08
JF Mooney,205,132,205,0,inf,64.39
JH Davey,82,54,82,0,inf,65.85
JH Kallis,988,773,988,0,inf,78.24
JJ Bumrah,29,18,29,0,inf,62.07
JJ Esmeijer,15,3,15,0,inf,20.0
JJ Krejza,19,7,19,0,inf,36.84
JJ Roy,393,443,393,0,inf,112.72
JJ Tucker,33,13,33,0,inf,39.39
JK Kamande,124,56,124,0,inf,45.16
JL Carter,166,113,166,0,inf,68.07
JM Anderson,45,15,45,0,inf,33.33
JM Bairstow,732,655,732,0,inf,89.48
JM Davison,293,332,293,0,inf,113.31
JM How,76,26,76,0,inf,34.21
JM Kemp,159,74,159,0,inf,46.54
JM Vince,20,14,20,0,inf,70.0
JN Gillespie,5,6,5,0,inf,120.0
JN Rhodes,6,2,6,0,inf,33.33
JO Holder,267,280,267,0,inf,104.87
JO Ngoche,26,10,26,0,inf,38.46
JP Behrendorff,11,12,11,0,inf,109.09
JP Bray,342,212,342,0,inf,61.99
JP Duminy,478,458,478,0,inf,95.82
JP Faulkner,20,37,20,0,inf,185.0
JP Inglis,171,159,171,0,inf,92.98
JP Maher,19,9,19,0,inf,47.37
JR Hazlewood,5,4,5,0,inf,80.0
JS Patel,41,34,41,0,inf,82.93
JV Harris,207,91,207,0,inf,43.96
JWA Taylor,150,141,150,0,inf,94.0
JWM Dalrymple,22,6,22,0,inf,27.27
Javed Omar,146,55,146,0,inf,37.67
Junaid Siddique,160,114,160,0,inf,71.25
K Rabada,117,83,117,0,inf,70.94
K Whatham,43,18,43,0,inf,41.86
KA Edwards,17,17,17,0,inf,100.0
KA Maharaj,84,59,84,0,inf,70.24
KA Pollard,139,190,139,0,inf,136.69
KAD Hurdle,11,6,11,0,inf,54.55
KAJ Roach,107,47,107,0,inf,43.93
KC Sangakkara,1796,1525,1796,0,inf,84.91
KD Karthik,34,14,34,0,inf,41.18
KD Mills,3,7,3,0,inf,233.33
KED Carroll,2,0,2,0,,0.0
KIC Asalanka,316,266,316,0,inf,84.18
KJ Abbott,19,12,19,0,inf,63.16
KJ Coetzer,243,228,243,0,inf,93.83
KJ O'Brien,573,499,573,0,inf,87.09
KJJ van Noortwijk,143,141,143,0,inf,98.6
KL Rahul,924,783,924,0,inf,84.74
KM Jadhav,33,28,33,0,inf,84.85
KMDN Kulasekara,102,94,102,0,inf,92.16
KO Otieno,371,179,371,0,inf,48.25
KP Pietersen,695,575,695,0,inf,82.73
KS Williamson,1312,1055,1312,0,inf,80.41
KT Sandher,6,2,6,0,inf,33.33
KW Richardson,1,1,1,0,inf,100.0
Kamran Akmal,365,249,365,0,inf,68.22
Kamran Shazad,3,0,3,0,,0.0
Khaled Mahmud,73,38,73,0,inf,52.05
Khaled Mashud,176,79,176,0,inf,44.89
Khurram Chohan,69,39,69,0,inf,56.52
Khurram Khan,217,155,217,0,inf,71.43
Krishna Chandran,119,38,119,0,inf,31.93
Kuldeep Yadav,35,19,35,0,inf,54.29
L Klusener,80,91,80,0,inf,113.75
L Ngidi,54,18,54,0,inf,33.33
L Ronchi,63,73,63,0,inf,115.87
L Vincent,171,118,171,0,inf,69.01
LD Chandimal,25,52,25,0,inf,208.0
LE Plunkett,78,93,78,0,inf,119.23
LH Ferguson,18,11,18,0,inf,61.11
LJ Burger,65,11,65,0,inf,16.92
LJ Woodcock,3,3,3,0,inf,100.0
LJ Wright,63,45,63,0,inf,71.43
LL Tsotsobe,2,4,2,0,inf,200.0
LMP Simmons,202,187,202,0,inf,92.57
LN Onyango,36,16,36,0,inf,44.44
LOB Cann,40,44,40,0,inf,110.0
LP van Troost,118,78,118,0,inf,66.1
LPC Silva,576,427,576,0,inf,74.13
LRPL Taylor,1296,930,1296,0,inf,71.76
LS Livingstone,80,50,80,0,inf,62.5
LV van Beek,176,138,176,0,inf,78.41
Liton Das,500,439,500,0,inf,87.8
M Dillon,19,22,19,0,inf,115.79
M Jansen,147,157,147,0,inf,106.8
M Kaif,327,182,327,0,inf,55.66
M Karg,66,45,66,0,inf,68.18
M Labuschagne,491,348,491,0,inf,70.88
M Morkel,35,12,35,0,inf,34.29
M Muralitharan,57,48,57,0,inf,84.21
M Ntini,30,29,30,0,inf,96.67
M Pathirana,19,6,19,0,inf,31.58
M Theekshana,157,71,157,0,inf,45.22
M Zondeki,1,1,1,0,inf,100.0
M van Schoor,111,58,111,0,inf,52.25
MA Leask,18,25,18,0,inf,138.89
MA Ouma,134,39,134,0,inf,29.1
MA Starc,232,152,232,0,inf,65.52
MA Suji,43,30,43,0,inf,69.77
MA Vermeulen,138,66,138,0,inf,47.83
MA Wood,56,78,56,0,inf,139.29
MADI Hemantha,4,4,4,0,inf,100.0
MBS Jonkman,2,0,2,0,,0.0
MC Sorensen,19,22,19,0,inf,115.79
MD Shanaka,83,80,83,0,inf,96.39
MDKJ Perera,349,371,349,0,inf,106.3
ME Trescothick,155,116,155,0,inf,74.84
MEK Hussey,198,156,198,0,inf,78.79
MF Maharoof,37,39,37,0,inf,105.41
MG Bevan,269,148,269,0,inf,55.02
MG Johnson,39,56,39,0,inf,143.59
MH Cross,98,73,98,0,inf,74.49
MH Yardy,34,19,34,0,inf,55.88
MJ Clarke,965,888,965,0,inf,92.02
MJ Guptill,1082,939,1082,0,inf,86.78
MJ Henry,56,37,56,0,inf,66.07
MJ Mason,6,0,6,0,,0.0
MJ Prior,95,78,95,0,inf,82.11
MJ Santner,179,168,179,0,inf,93.85
ML Hayden,1037,954,1037,0,inf,92.0
MM Ali,382,331,382,0,inf,86.65
MM Patel,35,26,35,0,inf,74.29
MM Sharma,1,0,1,0,,0.0
MN Samuels,600,446,600,0,inf,74.33
MN van Wyk,88,65,88,0,inf,73.86
MO Jones,8,1,8,0,inf,12.5
MO Odumbe,207,211,207,0,inf,101.93
MP O'Dowd,167,96,167,0,inf,57.49
MP Stoinis,187,168,187,0,inf,89.84
MP Vaughan,498,348,498,0,inf,69.88
MR Gillespie,8,2,8,0,inf,25.0
MR Marsh,431,440,431,0,inf,102.09
MS Atapattu,395,313,395,0,inf,79.24
MS Chapman,61,59,61,0,inf,96.72
MS Dhoni,836,752,836,0,inf,89.95
MS Panesar,31,3,31,0,inf,9.68
MV Boucher,282,302,282,0,inf,107.09
MW Machan,207,155,207,0,inf,74.88
Mahedi Hasan,75,33,75,0,inf,44.0
Mahmudullah,1062,894,1062,0,inf,84.18
Manjural Islam,11,2,11,0,inf,18.18
Mashrafe Mortaza,217,157,217,0,inf,72.35
Mehedi Hasan Miraz,219,181,219,0,inf,82.65
Misbah-ul-Haq,827,598,827,0,inf,72.31
Mohammad Amir,15,11,15,0,inf,73.33
Mohammad Ashraful,417,299,417,0,inf,71.7
Mohammad Hafeez,561,464,561,0,inf,82.71
Mohammad Irfan,19,4,19,0,inf,21.05
Mohammad Mithun,61,47,61,0,inf,77.05
Mohammad Naveed,62,73,62,0,inf,117.74
Mohammad Nawaz,100,81,100,0,inf,81.0
Mohammad Rafique,157,101,157,0,inf,64.33
Mohammad Rizwan,409,387,409,0,inf,94.62
Mohammad Saifuddin,74,85,74,0,inf,114.86
Mohammad Sami,46,17,46,0,inf,36.96
Mohammad Tauqir,44,8,44,0,inf,18.18
Mohammad Wasim,26,23,26,0,inf,88.46
Mohammad Yousuf,118,55,118,0,inf,46.61
Mohammed Shami,33,19,33,0,inf,57.58
Mohammed Siraj,9,9,9,0,inf,100.0
Mominul Haque,3,1,3,0,inf,33.33
Mosaddek Hossain,90,82,90,0,inf,91.11
Mudassar Bukhari,92,68,92,0,inf,73.91
Mushfiqur Rahim,1230,923,1230,0,inf,75.04
Mustafizur Rahman,100,43,100,0,inf,43.0
N Boje,62,54,62,0,inf,87.1
N Hussain,42,24,42,0,inf,57.14
N Ifill,44,16,44,0,inf,36.36
N Pooran,333,309,333,0,inf,92.79
N Pradeep,8,1,8,0,inf,12.5
NA Statham,45,7,45,0,inf,15.56
NA de Groot,130,44,130,0,inf,33.85
NAM McLean,7,5,7,0,inf,71.43
NFI McCallum,67,25,67,0,inf,37.31
NJ Astle,271,213,271,0,inf,78.6
NJ O'Brien,841,620,841,0,inf,73.72
NL McCullum,132,100,132,0,inf,75.76
NLTC Perera,111,118,111,0,inf,106.31
NM Coulter-Nile,79,98,79,0,inf,124.05
NM Lyon,10,8,10,0,inf,80.0
NN Odhiambo,78,56,78,0,inf,71.79
NO Miller,13,16,13,0,inf,123.08
NR Kumar,46,10,46,0,inf,21.74
NS Poonia,6,1,6,0,inf,16.67
NV Knight,138,103,138,0,inf,74.64
Naeem Islam,77,40,77,0,inf,51.95
Nasir Aziz,89,60,89,0,inf,67.42
Nasir Hossain,42,46,42,0,inf,109.52
Nasir Jamshed,24,5,24,0,inf,20.83
Nasum Ahmed,48,40,48,0,inf,83.33
Naved-ul-Hasan,29,11,29,0,inf,37.93
Nazmul Hossain Shanto,209,163,209,0,inf,77.99
O Thomas,51,13,51,0,inf,25.49
OL Pitcher,83,28,83,0,inf,33.73
P Nissanka,320,286,320,0,inf,89.38
P Utseya,197,128,197,0,inf,64.97
PA Nixon,195,193,195,0,inf,98.97
PA de Silva,306,267,306,0,inf,87.25
PA van Meekeren,31,22,31,0,inf,70.97
PD Collingwood,613,474,613,0,inf,77.32
PG Fulton,438,297,438,0,inf,67.81
PG Gillespie,8,2,8,0,inf,25.0
PHT Kaushal,1,0,1,0,,0.0
PJ Cummins,223,174,223,0,inf,78.03
PJ Ongondo,94,73,94,0,inf,77.66
PJC Hoffmann,19,25,19,0,inf,131.58
PJK Mooney,1,0,1,0,,0.0
PL Mommsen,162,125,162,0,inf,77.16
PM Seelaar,17,3,17,0,inf,17.65
PP Chawla,4,2,4,0,inf,50.0
PR Stirling,293,316,293,0,inf,107.85
PSP Handscomb,12,4,12,0,inf,33.33
PT Collins,1,1,1,0,inf,100.0
PVD Chameera,49,19,49,0,inf,38.78
PW Borren,218,199,218,0,inf,91.28
PW Gunaratne,15,15,15,0,inf,100.0
Q de Kock,986,935,986,0,inf,94.83
R Ashwin,65,40,65,0,inf,61.54
R Dravid,615,399,615,0,inf,64.88
R Gunasekera,129,53,129,0,inf,41.09
R Klein,15,8,15,0,inf,53.33
R Rampaul,9,1,9,0,inf,11.11
R Ravindra,517,546,517,0,inf,105.61
R Walters,6,0,6,0,,0.0
RA Jadeja,245,254,245,0,inf,103.67
RAP Nissanka,29,2,29,0,inf,6.9
RAS Lakmal,38,19,38,0,inf,50.0
RC Irani,9,12,9,0,inf,133.33
RD Berrington,138,114,138,0,inf,82.61
RD Jacobs,85,56,85,0,inf,65.88
RD Shah,525,328,525,0,inf,62.48
RDM Leverock,40,10,40,0,inf,25.0
RE van der Merwe,56,57,56,0,inf,101.79
RG Sharma,1423,1443,1423,0,inf,101.41
RH Scholte,31,8,31,0,inf,25.81
RJ Peterson,53,55,53,0,inf,103.77
RJ van Vuuren,38,26,38,0,inf,68.42
RJW Topley,2,1,2,0,inf,50.0
RL Powell,66,105,66,0,inf,159.09
RM Haq,100,51,100,0,inf,51.0
RML Taylor,18,7,18,0,inf,38.89
RN ten Doeschate,496,435,496,0,inf,87.7
RP Arnold,322,210,322,0,inf,65.22
RP Lefebvre,68,43,68,0,inf,63.24
RR Hendricks,94,97,94,0,inf,103.19
RR Pant,136,116,136,0,inf,85.29
RR Patel,74,46,74,0,inf,62.16
RR Rossouw,187,210,187,0,inf,112.3
RR Sarwan,991,739,991,0,inf,74.57
RR Watson,109,53,109,0,inf,48.62
RS Bopara,434,306,434,0,inf,70.51
RT Ponting,1347,1160,1347,0,inf,86.12
RV Uthappa,49,30,49,0,inf,61.22
RW Chakabva,213,114,213,0,inf,53.52
RW Price,61,37,61,0,inf,60.66
Rahat Ali,27,7,27,0,inf,25.93
Raqibul Hasan,117,70,117,0,inf,59.83
Rashid Latif,107,122,107,0,inf,114.02
Rizwan Cheema,74,76,74,0,inf,102.7
Rohan Mustafa,30,8,30,0,inf,26.67
Rubel Hossain,38,20,38,0,inf,52.63
S Chanderpaul,975,559,975,0,inf,57.33
S Dhaniram,52,47,52,0,inf,90.38
S Dhawan,580,537,580,0,inf,92.59
S Matsikenyeri,161,127,161,0,inf,78.88
S Mukuddem,4,0,4,0,,0.0
S Prasanna,17,12,17,0,inf,70.59
S Samarawickrama,330,337,330,0,inf,102.12
S Thuraisingam,41,25,41,0,inf,60.98
SA Edwards,301,259,301,0,inf,86.05
SA Engelbrecht,379,242,379,0,inf,63.85
SA Yadav,108,106,108,0,inf,98.15
SB Styris,1053,909,1053,0,inf,86.32
SC Ganguly,850,627,850,0,inf,73.76
SC Williams,493,492,493,0,inf,99.8
SCJ Broad,28,18,28,0,inf,64.29
SD Hope,308,197,308,0,inf,63.96
SD Outerbridge,21,9,21,0,inf,42.86
SE Bond,25,7,25,0,inf,28.0
SE Marsh,35,26,35,0,inf,74.29
SF Burger,20,11,20,0,inf,55.0
SF Mire,107,64,107,0,inf,59.81
SI Mahmood,5,2,5,0,inf,40.0
SJ Benn,43,26,43,0,inf,60.47
SJ Swanepoel,99,43,99,0,inf,43.43
SK Raina,342,358,342,0,inf,104.68
SL Malinga,45,29,45,0,inf,64.44
SM Curran,34,25,34,0,inf,73.53
SM Ervine,33,43,33,0,inf,130.3
SM Pollock,171,134,171,0,inf,78.36
SMSM Senanayake,8,7,8,0,inf,87.5
SO Hetmyer,226,218,226,0,inf,96.46
SO Ngoche,3,0,3,0,,0.0
SO Tikolo,548,321,548,0,inf,58.58
SP Fleming,807,674,807,0,inf,83.52
SP Patil,258,140,258,0,inf,54.26
SPD Smith,1209,1023,1209,0,inf,84.62
SR Tendulkar,1375,1219,1375,0,inf,88.65
SR Thompson,17,14,17,0,inf,82.35
SR Waters,90,38,90,0,inf,42.22
SR Watson,613,643,613,0,inf,104.89
SS Cottrell,49,33,49,0,inf,67.35
SS Iyer,461,505,461,0,inf,109.54
ST Finn,15,2,15,0,inf,13.33
ST Gabriel,10,3,10,0,inf,30.0
ST Jayasuriya,870,733,870,0,inf,84.25
SW Ambris,47,36,47,0,inf,76.6
SW Tait,1,0,1,0,,0.0
Sabbir Rahman,220,215,220,0,inf,97.73
Saeed Ajmal,10,1,10,0,inf,10.0
Saeed Anwar,318,218,318,0,inf,68.55
Saleem Elahi,154,102,154,0,inf,66.23
Sanwar Hossain,86,59,86,0,inf,68.6
Saqib Zulfiqar,18,10,18,0,inf,55.56
Saqlain Haider,12,7,12,0,inf,58.33
Saqlain Mushtaq,37,16,37,0,inf,43.24
Sarfraz Ahmed,345,285,345,0,inf,82.61
Saud Shakeel,225,216,225,0,inf,96.0
Shadab Khan,107,113,107,0,inf,105.61
Shafiul Islam,50,26,50,0,inf,52.0
Shahadat Hossain,2,0,2,0,,0.0
Shaheen Shah Afridi,65,53,65,0,inf,81.54
Shahid Afridi,190,232,190,0,inf,122.11
Shahriar Nafees,159,73,159,0,inf,45.91
Shaiman Anwar,351,311,351,0,inf,88.6
Shakib Al Hasan,1519,1204,1519,0,inf,79.26
Shariz Ahmad,8,6,8,0,inf,75.0
Shoaib Akhtar,56,72,56,0,inf,128.57
Shoaib Malik,126,100,126,0,inf,79.37
Shoriful Islam,29,28,29,0,inf,96.55
Shubman Gill,339,354,339,0,inf,104.42
Sikandar Raza,132,125,132,0,inf,94.7
Sohaib Maqsood,179,153,179,0,inf,85.47
Sohail Khan,43,21,43,0,inf,48.84
Soumya Sarkar,336,310,336,0,inf,92.26
Syed Rasel,35,16,35,0,inf,45.71
T Bavuma,171,122,171,0,inf,71.35
T Duffin,23,12,23,0,inf,52.17
T Kamungozi,10,6,10,0,inf,60.0
T Mishra,209,135,209,0,inf,64.59
T Mupariwa,14,19,14,0,inf,135.71
T Panyangara,65,33,65,0,inf,50.77
T Shamsi,16,9,16,0,inf,56.25
T Taibu,449,306,449,0,inf,68.15
TA Boult,48,31,48,0,inf,64.58
TAM Siriwardana,5,3,5,0,inf,60.0
TBM de Leede,205,109,205,0,inf,53.17
TG Gordon,58,23,58,0,inf,39.66
TG Southee,77,60,77,0,inf,77.92
TJ Friend,20,21,20,0,inf,105.0
TL Chatara,38,23,38,0,inf,60.53
TLW Cooper,259,174,259,0,inf,67.18
TM Dilshan,1209,1112,1209,0,inf,91.98
TM Head,259,329,259,0,inf,127.03
TM Odoyo,481,304,481,0,inf,63.2
TN de Grooth,89,50,89,0,inf,56.18
TT Bresnan,50,41,50,0,inf,82.0
TT Samaraweera,153,110,153,0,inf,71.9
TWM Latham,301,229,301,0,inf,76.08
Talha Jubair,8,4,8,0,inf,50.0
Tamim Iqbal,907,663,907,0,inf,73.1
Tanzid Hasan,144,140,144,0,inf,97.22
Tanzim Hasan Sakib,6,5,6,0,inf,83.33
Tapash Baisya,12,2,12,0,inf,16.67
Taskin Ahmed,95,49,95,0,inf,51.58
Taufeeq Umar,152,91,152,0,inf,59.87
Towhid Hridoy,213,164,213,0,inf,77.0
Tushar Imran,109,57,109,0,inf,52.29
U Bhatti,28,10,28,0,inf,35.71
UT Khawaja,344,301,344,0,inf,87.5
UT Yadav,5,0,5,0,,0.0
Umar Akmal,484,404,484,0,inf,83.47
Umar Gul,52,49,52,0,inf,94.23
Usama Mir,3,0,3,0,,0.0
V Kohli,1959,1673,1959,0,inf,85.4
V Sehwag,836,843,836,0,inf,100.84
V Shankar,35,29,35,0,inf,82.86
V Sibanda,168,134,168,0,inf,79.76
VC Drakes,70,41,70,0,inf,58.57
VD Philander,8,10,8,0,inf,125.0
Vikramjit Singh,153,98,153,0,inf,64.05
W Barresi,347,235,347,0,inf,67.72
WA Young,184,152,184,0,inf,82.61
WB Rankin,71,24,71,0,inf,33.8
WD Balaji Rao,43,22,43,0,inf,51.16
WD Parnell,30,17,30,0,inf,56.67
WF Stelling,4,1,4,0,inf,25.0
WIA Fernando,194,203,194,0,inf,104.64
WK McCallan,76,33,76,0,inf,43.42
WPUJC Vaas,203,136,203,0,inf,67.0
WTS Porterfield,1078,627,1078,0,inf,58.16
WU Tharanga,957,697,957,0,inf,72.83
WW Hinds,135,98,135,0,inf,72.59
Wahab Riaz,168,164,168,0,inf,97.62
Waqar Younis,25,17,25,0,inf,68.0
Wasim Akram,72,71,72,0,inf,98.61
XJ Doherty,1,0,1,0,,0.0
YK Pathan,66,74,66,0,inf,112.12
YS Chahal,5,5,5,0,inf,100.0
Yasir Shah,24,13,24,0,inf,54.17
Younis Khan,508,349,508,0,inf,68.7
Yousuf Youhana,223,170,223,0,inf,76.23
Yuvraj Singh,836,738,836,0,inf,88.28
Z Khan,72,52,72,0,inf,72.22
ZE Surkari,236,104,236,0,inf,44.07
