jockey,first win,first stakes win,first g1 win
Aaron Bullock,Tee Gee - Muswellbrook - 5/6/2007,,
Adam Hyeronimus,Innocenttassie - Grafton - 13/6/2008,Zara Dancer - LR Frank Underwood Cup - 26/11/2011,Shout The Bar - Vinery Stud Stakes - 28/3/2020
Adam Sewell,Ransom Moment - Bingara - 1/2/2014,,
Adam Spinks,Our Hussler - Mackay - 3/11/2015,,
Adin Thompson,Fab's Cowboy - 19/12/2017,Hail Manhattan - LR Members' Cup - 27/2/2021,
Akira Sugawara,Red Anela - Nakayama - 31/3/2019,Karate - G3 Tokyo Shimbun Hai - 7/2/2022,Blow The Horn - Takarazuka Kinen - 23/7/2024
Alan Kennedy,Island Force - York - 23/3/2006,Ma Ma Machine - LR Beaufine Stakes - 25/7/2009,
Alana Kelly,Under Our Spell - Ballarat - 25/10/2018,Point Nepean - LR The Andrew Ramsden - 14/5/2022,
Alana Livesey,Caldwell - Kingscote - 23/1/2021,,
Alisha Donald,Annmarie - Bowen - 5/6/2021,,
Alysha Collett,Flavour Flav - Matamata (NZ) - 30/7/2010,Duckworth Lewis - G3 Sparkling Stakes - 1/11/2011,Consensus - Zabeel Classic (NZ)- 26/12/2016
Alysha Warren,Lace And Whickey - Narrogin - 17/6/2023,,
Amanda Thomson,Pincer Strike - Atherton - 4/6/2016,,
Amy Herrmann,Byzant - Penola - 26/3/2006,Dashitude - LR Dequetteville Stakes - 28/4/2012,
Amy McLucas,Atomic Blast - Moruya - 3/9/2019,,
Andrew Adkins,Red Almighty - Port Macquarie - 12/4/2014,In Her Time - LR Breeders' Classic - 4/2/2017,Daysee Doom - Coolmore Classic - 17/3/2018
Andrew Banks,Happy Flight - Trangie - 24/02/2001,,
Andrew Calder,Where'smydad - Foxton (NZ) - 6/5/1999,,Deebee Belle - NZ Stakes (NZ) 1/3/2003
Andrew Gibbons,Andy Handout - 17/12/1994,Jerezana - LR Ramornie H'cap - 13/7/2011,
Andrew Mallyon,The Mooksta - Hay - 27/11/2004,Liquidation - LR Placid Ark Stakes - 22/11/2008,
Andrew Stead,Banc O' Gold - Naracoorte -  11/11/2001,Nevue - G3 SA Sires' Produce Stakes - 18/7/2026,
Angela Johnston,Pelican Pick - Laverton - 24/10/2020,,
Angela Jones,Miss Charlee Lyn - Dalby - 31/10/2020 ** first ride,Zarastro - Recognition Stakes - 25/11/2023,
Angus Villiers,Motajaasid - Lingfield (GB) - 23/5/2019,,
Anna Bakos,Yeezy - Charleville - 4/5/2019,,
Anna Jordsjo,Jimmy Royale - Murray Bridge - 24/8/2016,Mileva - LR Manihi Classic - 27/3/2021,
Anna Roper,Alpha Go - Gungagai - 3/4/2022 ** first ride,,
Anthony Allen,Red Lightning - Murwillumbah - 25/4/2010,Love Rocks - LR Lough Neagh Stakes - 21/12/2013,
Anthony Cavallo,,Spirited Way - G3 Silver Shadow Stakes - 19/8/1989,
Arron Lynch,Rhythm And Melody - Alice Springs - 9/2/2008,,
Ashleigh Stanley,Dungannon - Warren - 17/3/2018,,
Ashley Butler,Haggis - Yeppoon - 10/11/2008,,
Ashley Morgan,Brushing - Yarmouth (GB) - 12/8/2009,Iowna Merc - LR Canterbury Sprint - 1/1/2025,Private Harry - The Galaxy - 22/3/2025
Ashvin Goindasamy,Cutting Up Rough - Tauto - 22/8/2018,Tiptronic - G1 Zabeel Classic (NZ) - 26/12/2021,Tiptronic - Zabeel Classic (NZ) - 26/12/2021
Austin Galati,Noble Spirit - Pinjarra - 23/7/2020,,
Bailey Kinninmont,Jayzeal - Pakenham Syn - 2/6/2023,,
Bailey Wheeler,Airstrike - Goulburn - 6/11/2021,Fancy Man - LR Queensland Cup - 7/10/2023,
Beany Panya,Ahbelle - Mudgee - 15/2/2014,,
Beau Mertens,Lorrie's Gift - Echuca - 7/10/2014,Bassett - LR Abell Stakes - 17/3/2017,Attrition - Toorak H'cap - 14/10/2023
Ben Allen,Lardie Lass - Mornington - 21/4/2015,Big Duke - G3 Hobart Cup - 22/2/2017,Marabi - Oakleigh Plate - 26/2/2022
Ben Looker,Unfair - Grafton - 10/10/2006,Victorem - LR Hinkler H'cap - 8/6/2019,
Ben Melham,She's Millie - Avoca - 18/10/2003,Pavlova - LR JRA Cup - 29/9/2006,Black Caviar - Patinack Farm Classic - 6/11/2010
Ben Price,Spanish Heirloom - Bordertown - 6/1/2021,Coco Sun - LR Oaklands Plate - 15/7/2023,
Ben Thompson,Commemorate - Kilmore - 31/5/2014,First Course - LR Sale Cup - 23/10/2016,Uncommon James - Oakleigh Plate - 25/2/2023
Benjamin Osmond,Lily's Lolly - Gulgong - 13/6/2021,,
Billy Cray,Justcallmehandsome - Wolverhampton (GB) - 12/1/2008,,
Billy Egan,Village Encore - Alexandra - 11/3/2006 ,Kitten - LR Hill Smith Stakes - 9/10/2010,Dunkel - SA Derby - 13/5/2023
Billy Owen,Chirurgo Dame - Albury - 23/10/2010,,
Blaike McDougall,Sumitro - Scone - 28/12/2013,Zargos - G3 Bow Mistress Trophy - 9/2/2020,
Blake Shinn,Clearly Unique - Kilmore - 1/6/2003,Count Riccardo - G2 Sandown Classic - 13/11/2004,Demerger - Adelaide Cup - 16/5/2005
Blake Spriggs,Sixty Watt - Muswellbrook - 14/3/2008 ** first ride,Mr Unforgettable - LR Winter Stakes - 17/7/2010,Sir John Hawkwood - The Metrop - 1/10/2016
Boris Thornton,Yokozuna - Geelong - 9/11/2013,Kiss Me Ketut - G3 Vamos Stakes - 19/2/2017,
Brad Parnham,Star Tudor - Belmont - 12/5/2004,Call Me Henry - LR Belmont Newmarket - 6/8/2005,
Brad Rawiller,Friendless Babe - Kyneton - 14/1/1995,Akarana - LR The Vanity - 1/2/1997,Niconero - Fruit N Veg Stakes - 9/12/2006
Bradley Vale,Keep The Lover - Port Augusta - 13/8/1998,,
Braith Nock,Just Strolling - Inverell - 1/1/2023 ** first ride,Cristal Clear - G2 Ajax Stakes - 14/3/2026,
Brandon Lerena,Count The Carats - Scottsville (SAF) - 16/1/2005,,
Brandon Louis,Toa Nui - Champ De Mars (Mauritius) 28/10/2018,,
Brayden Gaerth,Murphy's Red Boy - Port Hedland - 30/6/2013,,
Brenton Avdulla,Command The Sea - Terang - 1/1/2008,Count Encosta - G2 Tulloch Stakes - 3/4/2010,Secret Admirer - Flight Stakes - 2/10/2010
Brett Prebble,Wait On Me - Edenhope - 6/3/1993,Royal Domination - G3 Birthday Cup - 9/4/1994,Daacha - Sydney Cup - 22/4/1995
Brian Higgins,Purple Road - Kyneton - 13/1/2004,Nautical - LR The Straight Six - 21/5/2016,
Brittany Button,Chairman's Choice - Towong - 9/3/2024,,
Brock Ryan,Casanova - Adaminaby - 21/11/2015,Jamaea - G2 Furious Stakes - 4/9/2021,
Brodie Loy,L'aubaine - Donald - 8/10/2012 ** first ride,Burbero - G2 Ajax Stakes - 14/3/2015,
Brooke Johnson,Grand De Lago - Thangool - 16/7/2022,,
Brooke King,Nasho - Strathalbyn - 29/5/2024,,
Brooke Stower,Mr Fire Shoes - Cunnamulla - 27/7/2013 ** first ride,,
Caitlin Hollowood,Diddley Squat - Cranbourne - 21/9/2023,,
Caitlin Jones,Brass Razoo - Balnarring - 6/11/2010,Regalo Di Gaetano - LR John Letts Cup - 31/10/2020,
Caitlin Tootell,Comfort Girl - Strathalbyn - 15/2/2023,Pretty Baby - LR Oaklands Plate - 27/6/2026,
Caitlyn Munro,Frankel Star - Murray Bridge - 1/2/2023,,
Callan Murray,Tennessee Strategy - Clairwood (SAF) - 12/11/2013,Deo Juvente - Victory Moon Stakes - 14/11/2015,Heavenly Blue - SA Classic  (SAF) - 1/4/2017
Cameron Quilty,Tokyo Cut - Dunkeld - 14/11/1998,,
Camille Houlgatte,Captain Wise - Scone - 25/7/2022,,
Campbell Rawiller,Girl On A Train - Moe - 24/9/2019,Sghirripa - LR Durbridge Stakes - 31/1/2026,
Carl Spry,Smart Showoff - Kumbla - 1/1/2001,Prosecution - LR Recognition Stakes - 3/12/2005,
Carleen Hefel,Influential Girl - Moe - 27/6/2019,Sigh - G3 Sir John Monash Stakes - 8/7/2023,
Casey Waddell,Look Out - Woodville (NZ) - 31/8/2017,,
Cassey Martinan,Irritable Rodnee - Ascot - 23/3/2022,,
Cejay Graham,Marlz Moment - Armidale - 30/5/2017,Kintyre - G2 Queensland Guineas - 4/5/2024,
Celine Gaudray,Tippitywichit - Traralgon - 31/10/2020,Buffalo River - LR Testa Rossa Stakes - 23/9/2023,
Chad Schofield ,Sir Gwynn - Newcastle - 15/9/2010,Green Roller - LR Strutt Stakes - 10/2/2013,Shamus Award - Cox Plate - 26/10/2013
Chelsea Hillier,Louis The Great - Goulburn - 27/2/2021,,
Chelsea Ings,Go Digger - Canberra - 17/11/2013,,
Chelsea Jokic,Kamadica - Warwick - 4/2/2012,,
Chris McIver,Crocodile Smile - Gladstone - 8/1/2005,,
Chris Meehan,Carlton Star - Nanago - 5/12/2020,,
Chris Parnham,Fabulistic - Bunbury - 30/12/2012,Moonlight Bay - LR Ascot Gold Cup - 9/11/2013,Truly Great - Kingston Town Classic - 5/12/2020
Chris Taylor,Kronos - Seoul (KOR) - 5/6/2008,,
Christ Nicoll,Rumbullion - Canberra - 13/11/2005,,
Christian Reith,Sir Ive - Beaudesert - 19/8/1994,Fine Action - LR Summer Stakes - 9/12/2000,Nechita - Coolmore Stud Stakes - 3/11/2012
Christine Puls,Saint Power - Nhill - 2/3/1991,Our Dashing Dane - G3 Hobart Cup - 14/2/2005,
Clayton Gallagher,Layne - Forbes - 10/10/2015,,
Clint Johnston-Porter,Aloha Miss - Ascot - 22/10/2014,Jackpot Prince - LR Belmont Classic - 22/7/2017,Port Lockroy - Railway Stakes - 23/11/2024
Codi Jordan,Date Night - Launceston - 23/10/2020,Deroche - LR Newmarket H'cap - 1/12/2021,
Cody Collis,Exocet Rocket - Gladstone - 3/11/2020,,
Colin Haddon,Horton Dancer - Beverley - 25/8/2001,,
Connor Murtagh,Symbolic Star - Newcastle (UK) - 1/3/2017,Snoopy Now - LR Port Adelaide Guineas - 12/4/2025,
Corey Bayliss,Simple Showtime - Nanango - 28/5/2016,,
Corey Sutherland,Talbragar - Tamworth - 6/3/2023,,
Coriah Keatings,Hit'em Hard - Gundagai - 25/6/2022,Spicy Lu - LR Princess Stakes - 25/4/2026,
Courtney Bellamy,Secrets No More - Port Mcquarie - 3/7/2021,,
Craig Atkinson,Sylvan Court - Kyneton - 19/5/2006,,
Craig Newitt,Kimbra's Way - Hobart - 25/11/2000,Chardere - LR Newmarket H'cap - 18/11/2001,Perfect Promise - C.F. Orr Stakes - 11/2/2006
Craig Williams,,Main Strike - LR Cranbourne Cup - 5/10/1994,Grand Echezeaux - Australasian Oaks - 29/4/2000
Dakota Graham,Murphy's Hussler - Springsure - 17/9/2016,,
Dakotah Keane,Rusheen - Bendigo - 11/4/2023,,
Dale Smith,,Miss Terrain - LR Merson Cooper Stakes - 23/11/2002,
Damian Lane,King Crete - Port Hedland - 27/6/2009,Ulundi - LR Lord Stakes - 27/12 2011,Trust In A Gust - Sir Rupert Clarke Stakes - 28/9/2014
Damien Oliver,Mr Gudbud - Bunbury - /3/1988,Groucho - G2 Warwick Stakes - 19/8/1989,Submariner - Show Day Cup - 27/9/1990
Damien Thornton,I'm Mysterious - Geelong Syn - 23/8/2011,Time For War - G2 Pago Pago Stakes - 29/3/2014,Toffee Tongue - Australasian Oaks - 2/5/2020
Damon Budler,Denman Diva - Cowra - 13/7/2019,,
Dan McGillivray,Malibua Affair - Roma - 22/2/2020,,
Daniel Moor,Shinko's Wish - Benalla - 26/8/2003,Con's Amy - LR Bow Mistress Trophy - 11/2/2006,Sierra Sue - Sir Rupert Clarke Stakes - 18/9/2021
Daniel Northey,Scotch Gem - Muswellbrook - 13/4/2008,,
Daniel Stackhouse,Short Circuit - Ashburton (NZ) - 24/8/2007,There's Only One - G3 Geoffrey Bellmaine Stakes - 9/2/2013,
Danny Beasley,Power Street - Corowa - 2/1/1993,Prince Of Justice - LR Stayers Cup - 3/6/1995,Miss Pennymoney - Newmarket H'cap - 11/3/2000
Danny Peisley,Kingdom Come - Armidale - 9/11/2003,,
Darryl McLellan,,Sound Ring - LR Wyong Gold Cup - 1/9/1993,Magic Of Money - The Galaxy - 17/4/1995
Dean Yendall,,Cumbria - G3 Chritsmas Cup - 26/12/2003,Yankee Rose - Spring Champion Stakes - 8/10/2016
Declan Bates,Mount Welcome - Wexford (IRE) - 24/6/2009 (Hurdle),Mirette - G3 Auraria Stakes - 13/4/2019,Begood Toya Mother - Sir Rupert Clarke Stakes - 21/9/2019
Denicious Smith,Bargosy - Greyville (SAF) - 28/2/2003,Gilchrist - G2 Grand Challenge (SAF) - 2/6/2007,
Dom Tourneur,Joeltara Bay - Mt Magnet - 4/5/1991,Civil - LR Balaklava Cup - 31/8/2005,Maybe Discreet - Australasian Oaks - 27/4/2013
Dylan Caboche,Eddington - King Island - 29/11/2014,,
Dylan Dean,Miss Darkside - Bairnsdale - 12/8/2025,,
Dylan Gibbons,Ocean Ruler - Coffs Harbour - 8/8/2020,Festival Dancer - G3 Spring Stakes - 13/11/2021,Explosive Jack - Sydney Cup - 8/4/2023
Dylan Stanley,The Long Run - Narromone - 26/11/2020,,
Dylan Turner,Rough Cut - Hastings (NZ) - 6/10/2018,,
Ellen Hennessy,Destiny's Dee Day - Queanbeyan - 11/11/2019,,
Emily Finnegan,Northside Star - Penong - 5/4/2014 ** first ride,Moshki - LR Cinderella Stakes - 5/3/2016,
Emily Lang,Loveson - Nanango - 25/6/2022,Boomtown Boss - LR Daybreak Lover Stakes - 19/4/2025,
Emily Pozman,South Parade - Pakenham - 12/1/2023,,
Emma Ly,Choose Your Words - Queanbeyan - 29/4/2023 ** first ride,,
Erin Molloy,Augustawynd - Bowen - 4/3/23,,
Ethan Brown,Lady Phromilly - Alice Springs - 21/6/2015,Snapdancer - G1 Robert Sangster Stakes - 7/5/2022,Snapdancer - Robert Sangster Stakes - 7/5/2022
Fiona Sandkuhl,Snowbella - Goulburn - 30/7/2021,,
Fred Kersley,Ripping Yarn - Esperance - 10/12/2016,Etah James - LR Pakenham Cup - 7/12/2019,
Gabrielle Semmens,Johnny Deep - Gladstone - 8/4/2023,,
Gary Lo,Betcher - Port Augusta - 8/4/2018,Free Of Debt - LR W.H. Wylie H'cap - 18/9/2021,
Georgina Cartwright,Rose Of Texas - Warrnambool - 27/12/2015,Temps Voleur - LR Balaklava Cup - 12/9/2018,
Georgina McDonnell,Achilles Pride - Coffs Harbour - 26/3/2019,,
Glenn Cahill,Nature Boy - Armidale 30/9/2023,,
Grant Buckley,,Lahar - LR Christmas Cup - 12/12/1998,
Hannah Edgley,Donndubhan - Benalla - 25/10/2021,,
Hannah Le Blanc,Dash To The Bar - Echuca - 1/10/2021,,
Hannah Williams,Mythical Goddess - Wagga -28/11/2020,,
Harry Coffey,Sauce - My Whyceproof - 29/10/2011,Tuscan Sling - LR Christmas Stakes - 26/12/2015,Sopressa - Australasian Oaks - 5/5/2018
Harry Grace,Cheeky Chinchilla - Narrandera - 18/6/2016,Rolls - LR Warrnambool Cup - 4/5/2023,
Heavelon Van Der Hoven,Knock 'Em Out - Kenilworth (SAF) - 15/9/2012,Harlem Shake - G3 Final Fling Stakes - 23/6/2016,
Heidi Gillie,Court Deep - Pakenham Syn - 3/8/2021,,
Hollie Hull,Ferus - Dubbo - 3/6/2022,,
Holly Durnan,Summer Cloud - Young - 20/5/2023,,
Hugh Bowman,Slatts - Wellington - 5/10/1996,Pecan Player - LR Wyong Gold Cup - 31/8/2000,Defier - Doomben Cup - 29/5/2004
Isaac Sit,Limbering - Strathalbyn - 27/12/2024,,
Isabella Teh,Ringo's Magic - Miles - 8/2/2020,,
Jabez Johnstone,Street Diva - Launceston - 4/12/2024,,
Jace McMurray,Avenue Of Stars - Gatton - 30/3/2024,,
Jack Hill,Dunfermline - Swan Hill - 19/2/2007,Liberty Leader - LR Tasmanian Derby - 2/2/2014,
Jackie Beriman,Youbolt - Terang - 23/10/2011,,
Jackson Murphy,Calgary - Wauchope - 26/12/2015,,
Jackson Radley,Rigoletto - Hobart - 13/8/2023,,
Jacob Golden,Monument - Port Macquarie - 13/7/2019,,
Jacob Opperman,L'amarybelle - Bordertown - 3/5/2020,Royal Mile - LR Port Adelaide Guineas - 10/4/2021,
Jacques Luxe,Maywyn On Tuesday - Hobart - 10/4/2011,,
Jade Darose,Hula's Boy - Bairnsdale - 4/7/1999,Jungle Edge - LR W.J. Adams Stakes - 1/2/2020,
Jade Doolan,Cochrane - Mackay - 15/2/2022,,
Jade McKenzie,Artie Bee - Queanbeyan - 6/1/2024,,
Jade McNaught,Money Trainer - Port Hedland - 19/5/2018,Neurological - LR Farnley Stakes - 14/9/2019,
Jaden Lloyd,Autocrat - Jerilderie - 21/9/2019,Honorable Spirit - LR Queensland Cup - 9/10/2021,
Jag Guthmann-Chester,Special Rose - Gympie - 22/8/2015,Bandipur - LR Eye Liner Stakes - 18/7/2020,
Jai Williams,Cossie - Murwillumbah - 11/10/2021,,
Jake Bayliss,You Think So - Werribee - 9/2/2012,Spring Heat - G3 Bonecrusher Stakes (NZ) - 9/12/2017,Volpe Veloce - Railway Stakes (NZ) - 1/1/2018
Jake Duffy,Lateandknewit - Balranald - 21/2/2009,,
Jake Molloy,Barbican - Gladstone - 3/11/2020,,
Jake Noonan,Babington - Mornington - 15/3/2009,Undeniably - LR Christmas Stakes - 26/12/2022,Precious Gem - Sangster Stakes - 7/5/2016
Jake Pracey-Holmes,Secret Encounter - Tamworth - 16/6/2011,,
Jake Toeroek,Sky Raider - Jamestown - 1/10/2011,Karacatis - LR W.H.W. Wylie Stakes - 20/9/2014,
James Innes Jnr,Eye Striker - Newcastle - 7/9/2013,Danawi - G3 Ming Dynasty Quality - 25/8/2018,Nettoyer - Doncaster H'cap - 4/4/2020
James McDonald,Johnnie The Sand - Te Rapa (NZ) - 18/8/2007,Special Mission - G1 NZTB Breeders Stakes - 5/4/2008,Special Mission - NZTB Breeders Stakes (NZ) - 5/4/2008
James Orman,Shadowy Past - Nanago - 18/5/2013,Sold For Song - LR Gold Edition Plate - 12/12/2015,
James Rogers,Al Viche - Gilgandra - 31/12/2016,,
Jamie Kah,Magic Tigress - Clare - 7/4/2012,Sistine Demon - G3 Victoria H'cap - 19/4/2014,Harlem - Australian Cup - 9/3/2019
Jamie Mott,Toy Machine - Colac - 4/1/2004,Baughurst - G3 Coongy H'cap - 18/10/2008,Callsign Mav - Sir Rupert Clarke Stakes - 17/9/2022
Jarrad Noske,Blow Out - Geraldron - 1/1/2008,Dante's Volante - LR Australia Day Stakes - 24/1/2009,
Jarrod Fry,Ritzi Lexi - Hamilton - 20/5/2007,Keep Control - LR Hill Smith Stakes - 10/10/1999,Tuvalu - Toorak H'cap - 8/10/2022
Jason Collett,Outrageous Fortune - Te Aroha (NZ) - 6/6/2008,Alegrio - LR - Southland Guineas- 14/2/2009,Invincibella - Winter Stakes - 22/6/2019
Jason Holder,Lochore - Jamestown - 12/10/1991,Prime Number - LR Dequetteville Stakes - 10/10/1992,Ambala - Goodwood H'cap - 14/5/1994
Jason Lyon,Hardball - Mildura - 5/7/1999,Stand By Me - G3 R.N. Irwin Stakes - 7/2/2004,
Jason Maskiell,Matsqui's Moon - Launceston - 15/7/2007,Miss Gai Flyer - LR Kevin Hayes Stakes - 12/2/2011,
Jason Taylor,,Adraanito - G2 Queen Of The South Stakes - 30/1/1988,Star Covet - Brisbane Cup - 11/6/2001
Jasper Franklin,Allares - Murwillumbah - 25/4/2021 ** first ride,,
Jay Ford ,The Chumbolly - 31/3/2002,Spinning Con - LR Tattersall's Cup - 1/1/2004,Takeover Target - Salinger Stakes - 30/10/2004
Jayden Barrie,Chateauroux - Coffs Harbour - 5/11/2019,,
Jaylah Kennedy,Friday At Five - Stawell - 21/2/2023,Berkeley Sqaure - LR Ballarat Cup - 7/12/2024,
Jean Van Overmeire,Emkanaat - Wolverhampton (UK) - 21/9/2012,Glistening - G2 Reisling Stakes - 6/3/2021,
Jeff Kehoe,Doctor Oh - Dubbo - 31/3/2012,,
Jeff Penza,,River Love - LR Birthday Card Stakes - 22/3/1992,
Jeffrey Felix,Candy Mountaion - Townsville - 22/3/2001,,
Jeffrey Maund,,Honour Code - LR Lord Mayors Mile - 2/8/1997,
Jenny Duggan,Excitable Angel - Gosfrod - 18/12/2010,Torrens - LR City Tattersall's Club Cup - 23/10/2021,
Jess Del Frari,Opposite - Moruya - 3/11/2020,,
Jess Taylor,Enz Of Time - Tuncurry - 12/3/2011,House Of Cartier - LR Wagga Wagga Gold Cup - 1/5/2020,
Jessica Brookes,Mal's Last Dancer - Bathurst - 31/10/2014,,
Jessica Eaton,Miss Burlesque - Avoca - 25/4/2015,Parlophone - LR Lightning Stakes - 25/7/2020,
Jett Stanley,Trevello - Ascot - 28/4/2021,Naval College - LR January Cup - 13/1/2024,
Jodi Worley,Enough Is Enough - Grafton - 4/10/2013,,
Joe Bowditch,,Supercut - LR Classic Mile - 30/3/1996,Hard To Get - South Australian Derby - 15/5/2004
John Allen,Permiya - Clonmel (IRE) - 6/2/2003 (Hurdle),Howard Be Thy Name - LR Port Adelaide Guineas - 16/4/2016,Howard Be Thy Name - South Australian Derby - 14/5/2016
John Rudd,Rapidash - Mt Isa - 3/12/2005,,
Jon Grisedale,,Moville Peter - G3 Tramway H'cap - 7/9/1991,
Jordan Childs,Rain Storm - Tatura - 18/8/2012,Excites Zelady - LR Murray Bridge Cup - 15/10/2014,Written By - Blue Diamond - 24/2/2018
Jordan Mallyon,Shiny Mighty - Jamestown - 4/10/2008,,
Joseph Azzopardi,Oneighty Degrees - Roeborne - 18/6/2011,Dreamtime Dancer - LR Challenge Stakes - 20/2/2016,
Josh Adams,Kaybriella - Bathurst - 20/10/2008,Agister - LR Eskimo Prince Stakes - 12/3/2011,
Josh Parr,,Falaise - G3 Newmarket H'cap - 2/4/2008,Skilled - Champagne Stakes - 24/4/2018
Josh Richards,Auro - Narrandera - 19/8/2017,Deny Knowledge - G3 Belle Of The Turf Stakes - 28/12/2022,
Julia Presits,Prospectors Helmet - Gosford - 5/11/2019,,
Justin Huxtable,Miss Identified - Halidon - 11/9/2016,Krone - LR Cinderella Stakes - 3/3/2018,
Justin Potter,Bonnie Gollie - Gawler - 25/10/2000,Belition - G3 Queen's Cup - 26/4/2003,
Justin Stanley,,Ken's Joy - LR Easter Cup - 22/4/2000,
Jye McNeil,De Mars - Kerang - 26/12/2011,Taiyoo - G3 Lord Reims Stakes - 28/2/2013,Kings Will Dream - Turnbull Stakes - 5/10/2019
Kacie Adams,Petronel - Wagga (Picnics) - 30/9/2006 ** first ride,,
Karl Zechner,Magenta Bay - Clairwood (SAF) - 4/8/2004,,
Kate Walters,Long Shadow - Tatura - 8/6/2000,Any Luck - LR Warrnambool Cup - 7/5/2026,
Kate Witten,Whatever Trevor - Bunbury - 3/3/2013,,
Kath Bell-Pitomac,Carael Boy - Port Macquarie - 14/1/2001,,
Kathy O'Hara,Downiere - Gilgandra - 1/1/2003,Turaga - LR Civic Stakes - 7/5/2005,Ofcourseican - Coolmore Classic - 24/3/2012
Kayla Crowther,Londonstar - Kingscote - 16/2/2017,Craftsmanship - LR Hill Smith Stakes - 12/10/2019,
Kayla Nisbet,Bureaucratese - Moruya - 27/11/2010,,
Keagan Latham,Rebel Patriot - Scottsville (SAF) 2/2/2005,Wise Son - G2 Gold Vase (SAF) - 1/6/2006,
Kelsey Lenton,Hit Snooze - Home Hill - 9/4/2022,,
Ken Dunbar,Charity's Rip - Albury - 7/9/1991,,
Kenji Yoshida,Belmini's Luck - Charleville - 18/3/2000,Machtig Mihi Panis - LR Bribie H'cap - 30/3/2002,
Kerrin McEvoy,Attrice - Ceduna - 29/3/1997,Lands End - LR Concept Sports Stakes - 7/10/2000,Brew - Melbourne Cup - 7/11/2000
Keshaw Dhurun,Dalgaranga - Geraldton - 5/3/2020,Ghost Who Walks - LR Beaufine Stakes - 8/7/2023,
Kirk Matheson,Rocky Rose - Taree - 9/9/2011,,
Koby Jennings,Bitey Horsey - Stony Creek - 30/12/2011,Danish Twist - LR June Stakes - 11/6/2018,
Kody Nestor,Watch The Tycoon - Orange - 19/6/2006,,
Krysten Swaffer,Magic Desert Moon - Cairns - 21/3/2020,,
Kyle Wilson-Taylor,Mister Smartee - Port Macquarie - 14/6/2018,Palaisipan - G1 Tatt's Tiara - 24/6/2023,Palaisipan - Tatt's Tiara - 24/6/2023
Kyra Yuill,Grand Slam Lady - Bunbury - 15/1/2009,Sentenza - LR Northam Cup - 24/10/2010,
Lacey Morrison,Superb Ring - Bundaberg - 1/4/2000,Proudly Agro - G3 BTC Classic - 26/4/2003,
Lachlan King,Tolstoy - Moulamine - 10/12/2016,Johnny Get Angry - G1 VRC Derby - 31/10/2020,Johnny Get Angry - VRC Derby - 31/10/2020
Lachlan Neindorf,Sophina Diva - Balaklava - 17/6/2019,Bella Vella - LR Furphy Stakes - 11/4/2020,Climbing Star - Sangster Stakes -27/4/2024
Lachlan Overall,Grinzinger Star - Streaky Bay - 26/3/2022,,
Laura Lafferty,Fearless Falcon - Wodonga - 19/10/2019,,
Leah Martyn,Bold Comic - Mackay - 186/2024,,
Leslie Tilley,Cash In A Hurry - Roma - 20/10/2012,Spurcraft - LR Bribie H'cap - 7/12/2019,
Liam Riordan,Finno - Deniliquin - 25/4/2016,Marble Nine - LR Santa Ana Lane Sprint Series Final 5/7/2025,
Lilli Barr,Mishani Conman - Beaudesert - 17/8/2021,,
Linda Meech,Desert Flower - Arawa Park (NZ) - 17/10/1998,Get Up - G3 Christmas H'cap - 26/12/2002,Plucky Belle - Coolmore Classic - 14/3/2015
Lisa Staples,Northern Grove - Geraldton - 11/10/2009,,
Liv O'Donnell,Last Armageddon - Thangool - 15/1/2002,,
Logan Bates,Gabstar - Cranbourne 21/9/2023,Jigsaw - G2 McEwen Stakes - 25/10/2025,Jigsaw - Railway Stakes (NZ) - 24/1/2026
Logan McNeil,Norsika - Deniliquin - 25/4/2019,,
Louis Beuzelin,Spy Eye - Newmarket (UK) - 2/8/2008,Coin Toss - LR National Sprint - 10/3/2024,
Louise Day,Face Like Thunder - Tuncurry - 11/3/2017,,
Lucy Fiore,Miss Meyet - Bunbury - 20/2/2014,Wink And A Nod - LR Belmont Newmarket - 8/8/2015,
Luke Campbell,Super Teroitoa - York - 7/3/2022,Mood Swings - LR Grandstand Cup - 23/3/2024,
Luke Cartwright,Veloce Carro - Warrnambool 4/9/2023,Wise Inlaw - LR Creswick Stakes - 4/7/2026,
Luke Currie,Rising Spirit - Launceston - 31/8/1996,Bonotto - LR Barton Stakes - 16/1/1999,Roman Arch - Toorak H'cap - 11/10/2003
Luke Miller,The Snitch - Penong - 31/3/2012,,
Luke Nolen,Price Hike - Albury - 28/3/2018,Vetyvere - LR Hareeba Stakes - 16/2/2000,Wonderful World - Caulfield Guineas - 14/10/2006
Luke Rolls,Palace Gates - Trentham (NZ) - 7/7/2003,All Over Bosanova - LR Daybreak Lover Plate - 10/7/2017,
Luke Tarrant,Thegreatandthegood - Gympie - 18/8/2012,Rudy - LR Recognition Stakes - 29/11/2014,
Maddi Price,Grable - Warrnambool - 9/12/2021,,
Madeleine Wishart,Ruby Red Gift - Mitchell - 2/12/2017,Flash Aah - LR ATC Trophy - 13/3/2021,
Madeline Owen,Expiredtime - Muswellbrook - 27/2/2021,,
Madi Derrick,Angry Annie - Geraldton - 26/1/2020,,
Madison Lloyd,Blacklisted - Deniliquin - 25/4/2019,Frankie Pinot - Wangoom H'cap - 4/5/2022,
Mark Du Plessis,Lawrence - Te Rapa (NZ) - 9/1/1999,Blown Away - G3 Cornwall H'cap (NZ) - 5/6/2000,Tapildo - NZ Oaks (NZ) - 20/1/2001
Mark Zahra,Winrosy - Geraldton - 1/3/1999,Belus - G3 Tattersall's Cup - 21/6/2003,Above Deck - Doomben Cup - 20/5/2006
Marnu Potgieter,Drumbeat's Choice - Emerald - 3/6/2020,,
Matthew Bennett,Stolen River - Canterbury - 28/6/1995,Words Of Magic - LR Falvelon Quality - 3/3/2007,
Matthew Chadwick,Drone Strike - Kilmore - 24/2/2022,,
Matthew Gray,Entitlement - Townsville - 16/9/2001,,
Matthew McGillvray,Macdye - Roma - 22/6/2013 ** first ride,Crack Me Up - LR Recognition Stakes - 25/11/2017,Winning Ways - Queensland Oaks - 1/6/2019
Matthew McGuren,Almas Lass - Casino - 6/2/2010,,
Melea Castle,Thundering Heart - Inverell - 11/8/2018,,
Melissa Julius,Real Finniss - Terang - 4/2/2016,,
Michael Cahill,Lady Swan - Orange - 4/11/1980,Corregidor - LR Eye Liner Stakes - 5/6/1997,Falvelon - Doomben 10000 - 12/5/2001
Michael Dee,Bamboo - New Playmouth (NZ) - 17/1/2013,Churchill Dancer - G2 Bobbie Lewis Quality - 12/9/2015,Foundry - The Metrop - 30/9/2017
Michael Hellyer,Another Adam - Sapphire Coast - 13/1/2007 ,Tuskagee Hawk - LR Sunshine Coast Guineas - 30/6/2012,
Michael Murphy,Rattus Conatus - Mt Garnet - 5/6/2015,,
Michael Poy,Nature Strip - Mornington - 10/10/2017 ** first ride,All Too Huiying - LR Seymour Cup - 18/10/2020,
Michael Rodd,Tomato Lass - Grafton - 2/6/2020,King Lotto - LR Doomben Stakes - 22/12/2001,Prized Gem - Brisbane Cup - 10/6/2002
Michelle Payne,Reigning - Ballarat - 10/2/2001 ** first ride,Sarah Michelle - G3 Dubai International Racing Carnival Stakes - 19/7/2005,Allez Wonder - Toorak H'cap - 10/10/2009
Mikayla Weir,Lester's Home - Kempsey - 7/9/2015,,
Millie Thompson,Damascus Gate - Tuncurry - 20/1/2024,,
Minonette Kennedy,Fab's Cowboy - 30/3/2019,,
Mitch Stapleford,I'm Not Slew - Musswellbrook - 11/8/2023 ** first ride,,
Mitchell Aitken,Jet Zena - Wodonga - 23/5/2015,Asfoora - G3 McCafe Stakes - 2/9/2023,
Mitchell Bell,Shiny Boots - Tamworth - 11/8/2001,Mizone - LR Frank Underwood Cup - 12/1/2008,
Mollie Fitzgerald,Time Flies By - Bowraville - 16/9/2023,,
Molly Bourke,Mouse Almighty - Wagga - 29/5/2021,Floating - LR ATC Cup - 30/11/2024,
Montana Philpot,Exocet Rocket - Bundaberg - 13/3/2021,,
Montanna Savva,Steinberg - Mt Isa - 5/9/2015,,
Morgan Butler,Sam Me - Kembla Grange - 16/7/1994,,
Nash Rawiller,,Jumpin' Jive - G3 Blue Diamond Prelude (C&G) - 10/2/1996,Bulta - SA Derby - 9/5/1998
Natalea Summers,She's All Greek - Warwick - 8/10/2005,,
Natasha Faithfull,Infinite Star - Kalgoorlie - 31/6/2011,Let's Galahvant - LR Hannan's H'cap - 29/9/2022,
Nathan Evans,Silverthorne - Toowoomba - 23/6/2001,,
Nathan Fazackerley,Four Iron - Barcaldine - 25/3/2017,,
Nathan Thomas,Rebel Rock - Newcastle - 5/10/2022,Mighty Lucky - LR Luskin Star Stakes - 17/5/2014,
Ngarie Nelson,Dash Of Black - Gordonvale - 3/10/2015,,
Nick Heywood,Memphis Flash - Deniliquin - 19/10/2013,,
Nick Souquet,,Bar Flyer - LR CUB Stakes - 20/4/1992,
Nikita Beriman,Lightning Tears - Echuca - 26/5/2002 ** first ride,Tears I Cry - G1 Emirates Stakes - 10/11/2007,Tears I Cry - Emirates Stakes - 10/11/2007
Noel Callow,Loving Joy - Bairnsdale - 5/1/1991,Kiddlewick - Tasmanian St Leger - 12/2/2000,In Top Swing - Caulfield Guineas - 11/10/2003
Nozi Tomizawa,Quick Whiskey - Nanango - 10/7/1999,Typhoon Red - LR Weetwood H'cap - 12/4/2014,
Olivia Chambers,Gorush Lightning - Moruya - 21/6/2022,,
Olivia Dalton,Gwennybegg - Tumut - 13/1/2024,,
Olivia East,Nasraaway - Sale - 20/4/2025,,
Patrick Moloney,Captain Ladoni - Pakenham - 24/6/2012,Chill Party - G2 Alister Clark Stakes - 20/3/2015,Roch 'N' Horse - Newmarket H'cap - 12/3/2022
Patrick Scorse,Little River Road - Braidwood - 11/2/2017,,
Paul Gatt,Passepartout - Balaklava - 21/8/1996,Bodacious Babe - G3 Penny Edition Stakes - 26/9/1998,Tails Of Triomphe - SA Derby - 14/5/2006
Paul Hamblin,,Distancia - LR Toowoomba Cup - 12/4/1986,
Paul Harvey,,Polar Eclipse - LR Tattersall's Cup - 24/11/1990,Crying Game - WA Derby - 26/12/1995
Paul Zerafa,Bracewell - Moruya - 1/11/2022,,
Peter Graham,,Rednav - LR Grafton Cup - 14/6/2016,
Peter Knuckey,,Vale Of Avoca - LR Anniversary Cup - 26/10/1991,Old Nick - Fruit N Veg Stakes - 28/11/1998
Pierre Boudvillain,Bayokos - Auteil (FR) - 11/6/2010,Music Time - G3 Black Opal - 8/3/2026,
Pierto Romeo,Exponential - Folkstone (GB) - 24/4/2007,,
Quayde Krogh,Le Ranita - Murwilliambah - 25/4/2014,,
Rachel King,Run Cannon Run - Tamworth - 12/3/2015 ** first ride,Stampede - LR Wagga Wagga Gold Cup - 5/5/2017,Maid Of Heaven - Spring Champion Stakes - 6/10/2018
Rachel Shred,Cobungra Boy - Julia Creek - 25/6/2017,,
Randy Tan,Ruling Force - Bunbury - 23/11/2014,It's It - LR Beaufine Stakes - 15/7/2017,
Raymond Spokes,Prince Of Prussia - Grafton - 10/2/2001,,
Rebecca Bronett Prag,Golden Fighter - Scone 6/8/2023,,
Reece Jones,Social - Tamworth - 28/8/2018,Wild Chap - G3 Cameron H'cap - 16/9/2022,Land Legend - The Metrop - 5/10/2024
Regan Bayliss,Alana's Dream - Donald - 27/7/2013,Quayside - LR Tokyo City Cup - 20/9/2014,Redkirk Warrior - Newmarket H'cap - 11/3/2017
Remi Tremsal,Costa Marbella - Bendigo - 12/4/2006,Vivre La Nett - LR Launceston Guineas - 26/12/2007,
Rhys McLeod,Wilkinson - Pakenham - 25/4/1999,Scenic Peak - G3 Bobbie Lewis Quality - 8/9/2001,Dowry - South Australian Oaks - 17/5/2004
Richard Bensley,Smokey Seattle - Cootamundra - 16/12/2000,You're Canny - LR Black Opal Stakes - 13/3/2011,
Rikki Jamieson,Frisco Affair - Wondai - 15/10/2011,,
Robbie Dolan ,Victory Anthem - Nowra - 30/4/2017 ** first ride,Easy Eddie - G3 Maurice McCarten Stakes - 16/3/2019,Profondo - Spring Champion Stakes - 9/10/2021
Robbie Downey,Atticus Finch - Dundalk (IRE) - 8/2/2013,,
Robyn Freeman,Magic Of Shanghai - Arimdale - 13/3/1999 * first ride,Famous Seamus - LR Lightning H'cap - 20/10/2012,
Rochelle Milnes,Tiamat - Port Lincoln - 18/12/2022,Silent Surrente - G2 Adelaide Cup - 10/3/2025,
Ronald Simpson,Butterfly Sky - Dubbo - 7/22/2017,,
Rory Hutchings,Me Aroha - Ellerslie (NZ) - 25/4/2011,Joyful Park - G2 Wellington Guineas - 26/12/2013,Soriano - Herbie Dykes Stakes (NZ) - 26/12/2014
Rose Hammond,Bon Shadow - Kerang - 26/1/2022,,
Ruby Haylock,No Emotion - Moruya - 15/8/2021,,
Ryan Houston,Longtimedreaming - Warrnambool - 8/12/2022,,
Ryan Hurdle,Defenceman - Ipswich - 17/2/2012,Ecumenical - LR Dequetteville Stakes - 4/4/2020,
Ryan Maloney,Chambre Amour - Nhill - 26/12/2002,Uxorious - G3 Spring Stakes - 6/8/2011,Alligator Blood - Australian Guineas - 29/2/2020
Ryan Wiggins,The Dark - Canberra - 11/6/1999,Go Cart - LR Members' Cup - 7/3/2009,Famous Seamus - BTC Cup - 10/5/2014
Sairyn Fawke,Sir Rossa - Inverell - 26/12/2012,,
Sally Wynne,Galeola Flyer - Warracknabeal - 19/10/1991,,
Sam Clipperton,White Horse Inn - Wyong - 1/10/2010,Monton - LR Festival Stakes - 3/12/2011,Peeping - Coolmore Classic - 12/3/2016
Samantha Collett,Bronwyn - Ruakaka (NZ) - 4/1/2007,Pendleton - LR Dunedin Gold Cup - 3/2/2018,Glory Days - Auckland Cup - 9/3/2019
Samantha Noble,Secret Strategem - Kyneton - 16/4/2013,,
Samuel Payne,Murray Downs - Narrandera - 16/6/2008,,
Sariah Champkin,Zuma - Mitchell - 16/10/2021,,
Scott Sheargold,Avenue Tolda - Wellington - 11/1/2005,,
Sean Cormack,Winter Jewel - Greyville (SAF) - 5/8/2003,Legally Blonde - G1 Allan Robertson Fillies C'ship (SAF) 30/5/2004,Legally Blonde - Allan Robertson Fillies C'ship (SAF) 30/5/2004
Serg Lisnyy,Tee Tee Dancer - Taree - 4/3/2011,,
Shae Nielson,Rosaraya - Birdsville - 10/4/2022,,
Shania Willis,Bungarribee Lad - Nanango - 29/5/2022,,
Shannen Llewelyn,Elson Boy - Dubbo - 8/3/2024,,
Shannon Apthorpe,Agency - Toowoomba - 10/3/2001,,
Shaun Guymer,Penalty Shoot Out - Queanbeyan - 31/10/2009,,
Shaun McGruddy,Zedex - Bunbury - 9/10/1996,Prince Of Pop - LR Belmont Newmarket - 28/6/2001,
Shayleigh Ingelse  ,Cool Missile - Port Macquarie - 7/1/2022,,
Sheridan Clarke,Eagle Spirit - Terang - 19/11/2021,,
Sheriden Tomlinson,Air To Spare - Noorama - 14/4/2018,,
Shirley Hunter,Sir Sapphire - Tatura - 26/1/1987 ,,
Shuichi Terachi,Gesa - Zwelbrucken (GER) - 23/6/2024,,
Siena Grima,Jakat - Deepeateer 27/1/2024,,
Simon Miller,Highway To Heaven - Albury - 11/10/2003,,
Simone Altieri,Surkiss - Bunbury - 2811/2007,,
Sophie Logan,Last One Laughing - Merton - 1/1/2017,,
Stacey Callow,It's All Gossip - Ceduna - 4/12/2021,,
Stacey Metcalfe,Rainbow Bay - Pooncarie - 3/10/2015,,
Stefano Cherchi,Withoutdestination (Wolverhampton UK) - 2/4/2019,,
Stephanie Thornton,Cherry Fiasco - Burrumbeet - 1/1/2016,Sugar Boom - LR Mode Stakes - 30/11/2019,
Steven Parnham,Noble Sheikh - Pinjarra - 14/11/2001,Superior Star - G3 Champion Fillies Stakes - 30/11/2002,Playing God - Kingston Town Classic - 4/12/2010
Steven Vella,Perfect Primrose - Wodonga - 1/6/1991,Guiscard - LR JRA Stakes - 17/2/2001,
Tahlia Fenlon,Arjaycee - Gladstone - 29/5/2021,,
Tahlia Hope,Danvito - Kilmore - 1/11/2015,Defibrillate - LR Lord Stakes - 26/12/2020,
Taj Dyson,Oceanzara - Northam - 9/9/2021,,
Tala Hutchinson,Dunmaghlas - Strathalbyn - 21/2/2024,,
Tasha Chambers,Punjab Lad - Lismore - 22/12/2006,,
Tatum Bull,It's A Sahara - Nhill - 26/12/2019,,
Tayla Childs,Reine Happy - Bendigo - 3/6/2020,,
Taylor Johnstone,Dark Wanderer - Launceston - 6/10/2021,Freedom Flame - LR Hill Smith Stakes - 18/10/2025,
Taylor Marshall,Dublette - Wyong - 9/5/2013,Zephryon - LR Lord Mayors Cup - 10/5/2014,Spicy Martini - Stradbroke H'cap - 13/6/2026
Teagan Voorham,Vandermeer - Devonport Syn - 13/8/2017,Diamonds - LR City Of Marion Stakes - 26/11/2022,
Teaghan Martin,Dam Shame - Sapphire Coast - 27/12/2021,,
Tegan Harrison,Centgeorge - Julia Creek - 17/7/2010,Tukiyo - LR Nudgee H'cap - 25/1/2004,
Teighan Worsnop,Full Circle - Hillston - 10/4/2021,,
Teo Nugent,Columbia - Seymour - 8/10/2017,Grandview Avenue - LR Carlyon Stakes - 28/11/2020,Portland Sky - Oakleigh Plate - 20/2/2021
Tessa Townsend,Chamberlain - Taroom - 23/3/2019,,
Thomas Stockdale,For A Song - Seymour - 7/9/2017,Tyche Goddess - G3 Auraria Stakes- 17/4/2021,
Tianni Chapman,Typhoon Harmony - Geelong - 18/6/2021,,
Tiffani Brooker,Hidden Duck - Gympie - 17/8/2013,Dreams Aplenty - G3 Gunsynd Classic - 29/4/2017,
Tim Brummel,Hot Feet - Jandowae - 16/2/2002,,
Tim Clark,Tactica - Gundagai - 21/11/2023,Roanoke - LR Tattersall's Club Cup - 21/20/2006,Typhoon Zed - The Galaxy - 22/3/2008
Todd Pannell,Finecke - Kembla Grange - 19/6/2003,Terrace - LR Tattersall's Mile - 23/7/2005,Dispatch - Goodwood H'cap - 18/5/2019
Tom Madden,Susiescot - Cork (IRE) - 19/10/2013,,
Tom Sherry,Aeecee Vinco - Goulburn - 8/10/2019,Miravalle - G3 Kembla Grange Classic - 12/3/2021,
Tommy Berry,Hunter Ruby - 12/5/2007 - Newcastle,Prince Braeman - LR Razor Sharp H'cap - 19/12/2009,Epaulette - Golden Rose - 15/9/2012
Troy Turner,Glenda's Star - Norseman - 15/2/1992,Sky Clipper - LR Tattersall's Cup - 20/11/1993,Daney Boy - Karrakatta Plate - 25/2/1995
Trudy Thornton,Avon Grosve - Avondale - 13/3/2002,,
Tyler Leslight,Fab's Cowboy - 16/4/2022,,
Tyler Schiller,Litte Capri - Hillston - 6/4/2019 ** first ride,Harmony Rose - G3 Albury Gold Cup - 25/3/3022,Mariamia - The Galaxy - 18/3/2023
Vad Bolozhinskyi,Recited - Cessnock - 25/4/2013,,
Victoria Corver,Chisano - York - 2/3/2020,,
Wanderson D'Avila,Ostinata - Wolverhampton (GB) - 3/12/2007,,
Wendy Peel,Didn’t Even Kiss Me - Tumbarumba - 3/3/2018,,
Will Gordon,Red Sunset - Wanganui (NZ) - 21/8/2016,,
Will Price,Captain Crackerjack - Donald - 8/10/2019,Canford - G3 Lord Reims Stakes - 26/2/2022,
William Pike,Carry A Gun - Norseman - 9/5/2002,Local Legend - LR Supremacy Stakes - 13/3/2004,Cats Fun - WATC Derby - 8/4/2006
William Stanley,Dot The Eye - Bedgarabong - 13/2/2021,,
Winona Costin,Piazza San Pietro - Kembla Grange - 21/4/2012,Bouzy Rouge - LR Mona Lisa Stakes - 5/9/2014,
Yoko Ota,Craiglea Jade - Bundaberg - 31/6/1999,,
Yvette Lewis,Hammoon Dancer - Tamworth - 8/6/2019,,
Zac Lloyd,Satine - Dalby - 27/11/2020 ** first ride,Electric Girl - G2 Millie Fox Stakes - 18/2/2023,Stefi Magnetica - Stradbroke H'cap (15/6/2024)
Zac Spain,Mrs Mariella - Murray Bridge - 23/4/2014,Streets Of Avalon - LR Hareeba Stakes - 23/3/2019,Streets Of Avalon - C.F. Orr Stakes - 6/2/2021
Zac Wadick,Formeinaway - Nowra - 2/7/2021,,
Zephen Johnston-Porter,Jeanella - Geraldton - 4/2/2023,,
Jacob Stiff,Dawn County - Narromine - 22/9/2025,,
Izzy Neale,Scruff's Magic - Condobolin - 17/2/2024,,